subcounty_code,subcounty_name,district_code,district_name,constituency_code,constituency_name
1,ABIM,70,ABIM,95,LABWOR COUNTY
6,ABIM TOWN COUNCIL,70,ABIM,95,LABWOR COUNTY
2,ALEREK,70,ABIM,95,LABWOR COUNTY
3,LOTUKEI,70,ABIM,95,LABWOR COUNTY
4,MORULEM,70,ABIM,95,LABWOR COUNTY
5,NYAKWAE,70,ABIM,95,LABWOR COUNTY
1,ADJUMANI TOWN COUNCIL,40,ADJUMANI,151,ADJUMANI WEST COUNTY
2,ADROPI,40,ADJUMANI,151,ADJUMANI WEST COUNTY
7,ARINYAPI,40,ADJUMANI,239,ADJUMANI EAST COUNTY
3,CIFORO,40,ADJUMANI,151,ADJUMANI WEST COUNTY
4,DZAIPI,40,ADJUMANI,239,ADJUMANI EAST COUNTY
8,ITIRIKWA,40,ADJUMANI,239,ADJUMANI EAST COUNTY
5,OFUA,40,ADJUMANI,239,ADJUMANI EAST COUNTY
9,PACHARA,40,ADJUMANI,151,ADJUMANI WEST COUNTY
6,PAKELE,40,ADJUMANI,239,ADJUMANI EAST COUNTY
10,UKUSIJONI,40,ADJUMANI,151,ADJUMANI WEST COUNTY
1,ADILANG,111,AGAGO,89,AGAGO COUNTY
16,AGAGO TOWN COUNCIL,111,AGAGO,89,AGAGO COUNTY
11,ARUM,111,AGAGO,89,AGAGO COUNTY
10,KALONGO TOWN COUNCIL,111,AGAGO,240,AGAGO NORTH COUNTY
12,KOTOMOR,111,AGAGO,89,AGAGO COUNTY
13,LAMIYO,111,AGAGO,89,AGAGO COUNTY
2,LAPONO,111,AGAGO,240,AGAGO NORTH COUNTY
3,LIRA‐PALWO,111,AGAGO,89,AGAGO COUNTY
4,LOKOLE,111,AGAGO,89,AGAGO COUNTY
14,OMIYA PACWA,111,AGAGO,240,AGAGO NORTH COUNTY
5,OMOT,111,AGAGO,89,AGAGO COUNTY
6,PAIMOL,111,AGAGO,240,AGAGO NORTH COUNTY
7,PARABONGO,111,AGAGO,240,AGAGO NORTH COUNTY
8,PATONGO,111,AGAGO,89,AGAGO COUNTY
15,PATONGO TOWN COUNCIL,111,AGAGO,89,AGAGO COUNTY
9,WOL,111,AGAGO,240,AGAGO NORTH COUNTY
4,ABAKO,88,ALEBTONG,216,AJURI COUNTY
6,ABIA,88,ALEBTONG,103,MOROTO COUNTY
7,AKURA,88,ALEBTONG,103,MOROTO COUNTY
2,ALEBTONG TOWN COUNCIL,88,ALEBTONG,103,MOROTO COUNTY
3,ALOI,88,ALEBTONG,103,MOROTO COUNTY
2,AMUGU,88,ALEBTONG,216,AJURI COUNTY
1,APALA,88,ALEBTONG,103,MOROTO COUNTY
8,AWEI,88,ALEBTONG,216,AJURI COUNTY
5,OMORO,88,ALEBTONG,216,AJURI COUNTY
6,AGIKDAK,57,AMOLATAR,102,KIOGA COUNTY
7,AGWINGIRI,57,AMOLATAR,102,KIOGA COUNTY
8,AKWON,57,AMOLATAR,102,KIOGA COUNTY
5,AMOLATAR TOWN COUNCIL,57,AMOLATAR,102,KIOGA COUNTY
3,APUTI,57,AMOLATAR,102,KIOGA COUNTY
9,ARWOTCEK,57,AMOLATAR,102,KIOGA COUNTY
4,AWELLO,57,AMOLATAR,102,KIOGA COUNTY
10,ETAM,57,AMOLATAR,102,KIOGA COUNTY
2,MUNTU,57,AMOLATAR,102,KIOGA COUNTY
1,NAMASALE,57,AMOLATAR,102,KIOGA COUNTY
11,NAMASALE TOWN COUNCIL,57,AMOLATAR,102,KIOGA COUNTY
1,AMUDAT,81,AMUDAT,149,UPE COUNTY
4,AMUDAT TOWN COUNCIL,81,AMUDAT,149,UPE COUNTY
2,KARITA,81,AMUDAT,149,UPE COUNTY
3,LOROO,81,AMUDAT,149,UPE COUNTY
1,ABARILELA,58,AMURIA,199,AMURIA COUNTY
1,ACOWA,58,AMURIA,202,KAPELEBYONG COUNTY
8,AKERIAU,58,AMURIA,276,ORUNGO COUNTY
4,AKOROMIT,58,AMURIA,202,KAPELEBYONG COUNTY
7,AMURIA TOWN COUNCIL,58,AMURIA,199,AMURIA COUNTY
9,APEDURU,58,AMURIA,199,AMURIA COUNTY
2,ASAMUK,58,AMURIA,199,AMURIA COUNTY
2,KAPELEBYONG,58,AMURIA,202,KAPELEBYONG COUNTY
3,KUJU,58,AMURIA,199,AMURIA COUNTY
6,MORUNGATUNY,58,AMURIA,276,ORUNGO COUNTY
3,OBALANGA,58,AMURIA,202,KAPELEBYONG COUNTY
10,OGOLAI,58,AMURIA,276,ORUNGO COUNTY
5,OKUNGUR,58,AMURIA,202,KAPELEBYONG COUNTY
4,ORUNGO,58,AMURIA,276,ORUNGO COUNTY
5,WERA,58,AMURIA,199,AMURIA COUNTY
11,WILLA,58,AMURIA,199,AMURIA COUNTY
1,AMURU,71,AMURU,24,KILAK COUNTY
5,AMURU TOWN COUNCIL,71,AMURU,24,KILAK COUNTY
2,ATIAK,71,AMURU,265,KILAK NORTH COUNTY
3,LAMOGI,71,AMURU,24,KILAK COUNTY
4,PABBO,71,AMURU,265,KILAK NORTH COUNTY
5,ABONGOMOLA,1,APAC,2,KWANIA COUNTY
1,ADUKU,1,APAC,2,KWANIA COUNTY
6,ADUKU TOWN COUNCIL,1,APAC,2,KWANIA COUNTY
1,AKOKORO,1,APAC,3,MARUZI COUNTY
2,APAC,1,APAC,3,MARUZI COUNTY
3,APAC TOWN COUNCIL,1,APAC,3,MARUZI COUNTY
2,CAWENTE,1,APAC,2,KWANIA COUNTY
4,CHEGERE,1,APAC,3,MARUZI COUNTY
5,IBUJE,1,APAC,3,MARUZI COUNTY
3,INOMO,1,APAC,2,KWANIA COUNTY
4,NAMBIESO,1,APAC,2,KWANIA COUNTY
1,ADUMI,2,ARUA,7,AYIVU COUNTY
1,AII‐VU/AJIVU,2,ARUA,11,TEREGO COUNTY
1,AJIA,2,ARUA,12,VURRA COUNTY
8,ANYIRIBU,2,ARUA,9,UPPER MADI COUNTY
2,ARIVU,2,ARUA,12,VURRA COUNTY
2,AROI,2,ARUA,7,AYIVU COUNTY
1,ARUA HILL,2,ARUA,13,ARUA MUNICIPALITY
7,AYIVUNI,2,ARUA,7,AYIVU COUNTY
2,BELEAFE,2,ARUA,11,TEREGO COUNTY
6,DADAMU,2,ARUA,7,AYIVU COUNTY
10,EWANGA,2,ARUA,269,LOWER MADI COUNTY
3,KATRINI,2,ARUA,11,TEREGO COUNTY
3,LOGIRI,2,ARUA,12,VURRA COUNTY
5,MANIBE,2,ARUA,7,AYIVU COUNTY
5,ODUPI,2,ARUA,279,TEREGO EAST COUNTY
1,OFFAKA,2,ARUA,9,UPPER MADI COUNTY
2,OGOKO,2,ARUA,269,LOWER MADI COUNTY
3,OKOLLO,2,ARUA,9,UPPER MADI COUNTY
2,OLI RIVER,2,ARUA,13,ARUA MUNICIPALITY
3,OLUKO,2,ARUA,7,AYIVU COUNTY
4,OMUGO,2,ARUA,279,TEREGO EAST COUNTY
4,PAJULU,2,ARUA,7,AYIVU COUNTY
9,PAWOR,2,ARUA,269,LOWER MADI COUNTY
4,RHINO CAMP,2,ARUA,269,LOWER MADI COUNTY
5,RIGBO,2,ARUA,269,LOWER MADI COUNTY
6,ULEPPI,2,ARUA,9,UPPER MADI COUNTY
6,URIAMA,2,ARUA,279,TEREGO EAST COUNTY
4,VURRA,2,ARUA,12,VURRA COUNTY
1,BUDAKA,72,BUDAKA,187,BUDAKA COUNTY
8,BUDAKA TOWN COUNCIL,72,BUDAKA,187,BUDAKA COUNTY
2,IKI‐IKI,72,BUDAKA,238,IKI‐IKI COUNTY
9,KACHOMO,72,BUDAKA,187,BUDAKA COUNTY
3,KADERUNA,72,BUDAKA,187,BUDAKA COUNTY
10,KAKULE,72,BUDAKA,187,BUDAKA COUNTY
7,KAMERUKA,72,BUDAKA,238,IKI‐IKI COUNTY
4,KAMONKOLI,72,BUDAKA,238,IKI‐IKI COUNTY
11,KATIRA,72,BUDAKA,238,IKI‐IKI COUNTY
5,LYAMA,72,BUDAKA,187,BUDAKA COUNTY
12,MUGITI,72,BUDAKA,238,IKI‐IKI COUNTY
6,NABOA,72,BUDAKA,187,BUDAKA COUNTY
13,NANSANGA,72,BUDAKA,187,BUDAKA COUNTY
1,BUBIITA,78,BUDUDA,270,LUTSESHE COUNTY
2,BUDUDA,78,BUDUDA,133,MANJIYA COUNTY
8,BUDUDA TOWN COUNCIL,78,BUDUDA,133,MANJIYA COUNTY
9,BUKALASI,78,BUDUDA,270,LUTSESHE COUNTY
3,BUKIBOKOLO,78,BUDUDA,133,MANJIYA COUNTY
4,BUKIGAI,78,BUDUDA,133,MANJIYA COUNTY
5,BULUCHEKE,78,BUDUDA,270,LUTSESHE COUNTY
10,BUMASHETI,78,BUDUDA,133,MANJIYA COUNTY
6,BUMAYOKA,78,BUDUDA,270,LUTSESHE COUNTY
7,BUSHIKA,78,BUDUDA,133,MANJIYA COUNTY
11,BUSHIRIBO,78,BUDUDA,133,MANJIYA COUNTY
12,BUSHIYI,78,BUDUDA,270,LUTSESHE COUNTY
13,BUWALI,78,BUDUDA,270,LUTSESHE COUNTY
14,NABWEYA,78,BUDUDA,133,MANJIYA COUNTY
15,NAKATSI,78,BUDUDA,133,MANJIYA COUNTY
16,NALWANZA,78,BUDUDA,270,LUTSESHE COUNTY
5,BUDHAYA,41,BUGIRI,31,BUKOOLI COUNTY CENTRAL
1,BUGIRI TOWN COUNCIL,41,BUGIRI,32,BUKOOLI COUNTY NORTH
1,BULESA,41,BUGIRI,31,BUKOOLI COUNTY CENTRAL
6,BULIDHA,41,BUGIRI,31,BUKOOLI COUNTY CENTRAL
2,BULUGUYI,41,BUGIRI,32,BUKOOLI COUNTY NORTH
2,BUWUNGA,41,BUGIRI,31,BUKOOLI COUNTY CENTRAL
3,IWEMBA,41,BUGIRI,32,BUKOOLI COUNTY NORTH
4,KAPYANGA,41,BUGIRI,32,BUKOOLI COUNTY NORTH
3,MUTERERE,41,BUGIRI,31,BUKOOLI COUNTY CENTRAL
5,NABUKALU,41,BUGIRI,32,BUKOOLI COUNTY NORTH
4,NANKOMA,41,BUGIRI,31,BUKOOLI COUNTY CENTRAL
1,BIHANGA,109,BUHWEJU,16,BUHWEJU COUNTY
5,BITSYA,109,BUHWEJU,16,BUHWEJU COUNTY
2,BURERE,109,BUHWEJU,16,BUHWEJU COUNTY
6,ENGAJU,109,BUHWEJU,16,BUHWEJU COUNTY
3,KARUNGU,109,BUHWEJU,16,BUHWEJU COUNTY
8,NSIIKA TOWN COUNCIL,109,BUHWEJU,16,BUHWEJU COUNTY
7,NYAKISHANA,109,BUHWEJU,16,BUHWEJU COUNTY
4,RWENGWE,109,BUHWEJU,16,BUHWEJU COUNTY
1,BUIKWE,82,BUIKWE,174,BUIKWE COUNTY SOUTH
6,BUIKWE TOWN COUNCIL,82,BUIKWE,174,BUIKWE COUNTY SOUTH
1,KAWOLO,82,BUIKWE,173,LUGAZI MUNICIPALITY
2,LUGAZI TOWN COUNCIL,82,BUIKWE,173,LUGAZI MUNICIPALITY
2,NAJJA,82,BUIKWE,174,BUIKWE COUNTY SOUTH
3,NAJJEMBE,82,BUIKWE,173,LUGAZI MUNICIPALITY
3,NGOGWE,82,BUIKWE,174,BUIKWE COUNTY SOUTH
1,NJERU TOWN COUNCIL,82,BUIKWE,172,BUIKWE COUNTY NORTH
4,NKOKONJERU TOWN COUNCIL,82,BUIKWE,174,BUIKWE COUNTY SOUTH
2,NYENGA,82,BUIKWE,172,BUIKWE COUNTY NORTH
5,SSI,82,BUIKWE,174,BUIKWE COUNTY SOUTH
3,WAKISI,82,BUIKWE,172,BUIKWE COUNTY NORTH
1,BUKEDEA,79,BUKEDEA,96,BUKEDEA COUNTY
6,BUKEDEA TOWN COUNCIL,79,BUKEDEA,96,BUKEDEA COUNTY
2,KACHUMBALA,79,BUKEDEA,257,KACHUMBALA COUNTY
3,KIDONGOLE,79,BUKEDEA,96,BUKEDEA COUNTY
4,KOLIR,79,BUKEDEA,96,BUKEDEA COUNTY
5,MALERA,79,BUKEDEA,96,BUKEDEA COUNTY
1,BIGASA,98,BUKOMANSIMBI,111,COUNTY
2,BUTENGA,98,BUKOMANSIMBI,244,COUNTY
5,COUNCIL,98,BUKOMANSIMBI,111,COUNTY
3,KIBINGE,98,BUKOMANSIMBI,244,COUNTY
4,KITANDA,98,BUKOMANSIMBI,111,COUNTY
1,BUKWA,59,BUKWO,74,KONGASIS COUNTY
5,BUKWO TOWN COUNCIL,59,BUKWO,74,KONGASIS COUNTY
6,CHEPKWASTA,59,BUKWO,74,KONGASIS COUNTY
2,CHESOWER,59,BUKWO,74,KONGASIS COUNTY
3,KABEI,59,BUKWO,74,KONGASIS COUNTY
7,KAMET,59,BUKWO,74,KONGASIS COUNTY
8,KAPTERERWO,59,BUKWO,74,KONGASIS COUNTY
9,KORTEK,59,BUKWO,74,KONGASIS COUNTY
10,RIWO,59,BUKWO,74,KONGASIS COUNTY
11,SENENDET,59,BUKWO,74,KONGASIS COUNTY
4,SUAM,59,BUKWO,74,KONGASIS COUNTY
12,TULEL,59,BUKWO,74,KONGASIS COUNTY
1,BUGINYANYA,89,BULAMBULI,253,ELGON COUNTY
2,BUKHALU,89,BULAMBULI,130,BULAMBULI COUNTY
3,BULAGO,89,BULAMBULI,253,ELGON COUNTY
17,BULAMBULI TOWN COUNCIL,89,BULAMBULI,130,BULAMBULI COUNTY
4,BULEGENI,89,BULAMBULI,253,ELGON COUNTY
16,BULEGENI TOWN COUNCIL,89,BULAMBULI,253,ELGON COUNTY
5,BULUGANYA,89,BULAMBULI,253,ELGON COUNTY
10,BUMASOBO,89,BULAMBULI,253,ELGON COUNTY
18,BUMUGIBOLE,89,BULAMBULI,253,ELGON COUNTY
6,BUNAMBUTYE,89,BULAMBULI,130,BULAMBULI COUNTY
11,BWIKHONGE,89,BULAMBULI,130,BULAMBULI COUNTY
19,KAMU,89,BULAMBULI,253,ELGON COUNTY
12,LUSHA,89,BULAMBULI,253,ELGON COUNTY
7,MASIRA,89,BULAMBULI,253,ELGON COUNTY
8,MUYEMBE,89,BULAMBULI,130,BULAMBULI COUNTY
13,NABBONGO,89,BULAMBULI,130,BULAMBULI COUNTY
14,NAMISUNI,89,BULAMBULI,253,ELGON COUNTY
15,SIMU,89,BULAMBULI,253,ELGON COUNTY
9,SISIYI,89,BULAMBULI,253,ELGON COUNTY
1,BIISO,73,BULIISA,123,BULIISA COUNTY
2,BULIISA,73,BULIISA,123,BULIISA COUNTY
3,BULIISA TOWN COUNCIL,73,BULIISA,123,BULIISA COUNTY
4,BUTIABA,73,BULIISA,123,BULIISA COUNTY
5,KIGWERA,73,BULIISA,123,BULIISA COUNTY
6,KIHUNGYA,73,BULIISA,123,BULIISA COUNTY
7,NGWEDO,73,BULIISA,123,BULIISA COUNTY
1,BUBANDI,3,BUNDIBUGYO,14,BWAMBA COUNTY
2,BUBUKWANGA,3,BUNDIBUGYO,14,BWAMBA COUNTY
4,BUKONZO,3,BUNDIBUGYO,215,BUGHENDERA COUNTY
3,BUNDIBUGYO TOWN COUNCIL,3,BUNDIBUGYO,14,BWAMBA COUNTY
4,BUSARU,3,BUNDIBUGYO,14,BWAMBA COUNTY
1,HARUGALI,3,BUNDIBUGYO,215,BUGHENDERA COUNTY
2,KASITU,3,BUNDIBUGYO,215,BUGHENDERA COUNTY
6,KIRUMYA,3,BUNDIBUGYO,14,BWAMBA COUNTY
7,KISUBBA,3,BUNDIBUGYO,14,BWAMBA COUNTY
8,MIRAMBI,3,BUNDIBUGYO,14,BWAMBA COUNTY
3,NDUGUTU,3,BUNDIBUGYO,215,BUGHENDERA COUNTY
7,NGAMBA,3,BUNDIBUGYO,215,BUGHENDERA COUNTY
5,NTOTORO,3,BUNDIBUGYO,215,BUGHENDERA COUNTY
5,NYAHUKA  TOWN COUNCIL,3,BUNDIBUGYO,14,BWAMBA COUNTY
6,SINDILA,3,BUNDIBUGYO,215,BUGHENDERA COUNTY
5,BITOOMA,4,BUSHENYI,19,IGARA COUNTY WEST
1,BUMBAIRE,4,BUSHENYI,18,IGARA COUNTY EAST
1,CENTRAL DIVISION,4,BUSHENYI,225,MUNICIPALITY
5,IBAARE,4,BUSHENYI,18,IGARA COUNTY EAST
2,ISHAKA DIVISION,4,BUSHENYI,225,MUNICIPALITY
2,KAKANJU,4,BUSHENYI,19,IGARA COUNTY WEST
2,KYABUGIMBI,4,BUSHENYI,18,IGARA COUNTY EAST
3,KYAMUHUNGA,4,BUSHENYI,19,IGARA COUNTY WEST
3,KYEIZOOBA,4,BUSHENYI,18,IGARA COUNTY EAST
4,NYABUBARE,4,BUSHENYI,19,IGARA COUNTY WEST
3,NYAKABIRIZI DIVISION,4,BUSHENYI,225,MUNICIPALITY
6,RUHUMURO,4,BUSHENYI,18,IGARA COUNTY EAST
1,BUHEHE,42,BUSIA,212,SOUTH
1,BULUMBI,42,BUSIA,211,NORTH
6,BUSIME,42,BUSIA,212,SOUTH
3,BUSITEMA,42,BUSIA,211,NORTH
4,BUTEBA,42,BUSIA,211,NORTH
6,BUYANGA,42,BUSIA,211,NORTH
5,DABANI,42,BUSIA,211,NORTH
1,EASTERN DIVISION,42,BUSIA,226,BUSIA MUNICIPALITY
2,LUMINO,42,BUSIA,212,SOUTH
3,LUNYO,42,BUSIA,212,SOUTH
8,MAJANJI,42,BUSIA,212,SOUTH
4,MASABA,42,BUSIA,212,SOUTH
5,MASAFU,42,BUSIA,212,SOUTH
7,MASINYA,42,BUSIA,212,SOUTH
7,SIKUDA,42,BUSIA,211,NORTH
2,WESTERN DIVISION,42,BUSIA,226,BUSIA MUNICIPALITY
1,BUDUMBA,60,BUTALEJA,236,BUNYOLE WEST COUNTY
2,BUSABA,60,BUTALEJA,236,BUNYOLE WEST COUNTY
10,BUSABI,60,BUTALEJA,236,BUNYOLE WEST COUNTY
3,BUSOLWE,60,BUTALEJA,236,BUNYOLE WEST COUNTY
9,BUSOLWE TOWN COUNCIL,60,BUTALEJA,236,BUNYOLE WEST COUNTY
4,BUTALEJA,60,BUTALEJA,208,BUNYOLE EAST COUNTY
8,BUTALEJA TOWN COUNCIL,60,BUTALEJA,208,BUNYOLE EAST COUNTY
11,HIMUTU,60,BUTALEJA,208,BUNYOLE EAST COUNTY
5,KACHONGA,60,BUTALEJA,208,BUNYOLE EAST COUNTY
6,MAZIMASA,60,BUTALEJA,208,BUNYOLE EAST COUNTY
7,NAWANJOFU,60,BUTALEJA,236,BUNYOLE WEST COUNTY
12,NAWEYO,60,BUTALEJA,208,BUNYOLE EAST COUNTY
1,BUDDE,99,BUTAMBALA,157,BUTAMBALA COUNTY
2,BULO,99,BUTAMBALA,157,BUTAMBALA COUNTY
6,GOMBE TOWN COUNCIL,99,BUTAMBALA,157,BUTAMBALA COUNTY
3,KALAMBA,99,BUTAMBALA,157,BUTAMBALA COUNTY
4,KIBIBI,99,BUTAMBALA,157,BUTAMBALA COUNTY
5,NGANDO,99,BUTAMBALA,157,BUTAMBALA COUNTY
1,BUGAYA,90,BUVUMA,175,BUVUMA ISLANDS COUNTY
2,BUSAMUZI,90,BUVUMA,175,BUVUMA ISLANDS COUNTY
5,BUVUMA TOWN COUNCIL,90,BUVUMA,175,BUVUMA ISLANDS COUNTY
6,BUWOOYA,90,BUVUMA,175,BUVUMA ISLANDS COUNTY
3,BWEEMA,90,BUVUMA,175,BUVUMA ISLANDS COUNTY
7,LUBYA,90,BUVUMA,175,BUVUMA ISLANDS COUNTY
8,LWAJE,90,BUVUMA,175,BUVUMA ISLANDS COUNTY
9,LYABAANA,90,BUVUMA,175,BUVUMA ISLANDS COUNTY
4,NAIRAMBI,90,BUVUMA,175,BUVUMA ISLANDS COUNTY
1,BUGAYA,83,BUYENDE,217,BUDIOPE EAST COUNTY
2,BUYENDE,83,BUYENDE,69,BUDIOPE WEST COUNTY
6,BUYENDE TOWN COUNCIL,83,BUYENDE,69,BUDIOPE WEST COUNTY
3,KAGULU,83,BUYENDE,217,BUDIOPE EAST COUNTY
4,KIDERA,83,BUYENDE,69,BUDIOPE WEST COUNTY
5,NKONDO,83,BUYENDE,69,BUDIOPE WEST COUNTY
7,ADEKNINO,74,DOKOLO,252,DOKOLO SOUTH COUNTY
8,ADOK,74,DOKOLO,99,DOKOLO COUNTY
1,AGWATTA,74,DOKOLO,99,DOKOLO COUNTY
9,AMWOMA,74,DOKOLO,99,DOKOLO COUNTY
2,BATTA,74,DOKOLO,99,DOKOLO COUNTY
3,DOKOLO,74,DOKOLO,99,DOKOLO COUNTY
6,DOKOLO TOWN COUNCIL,74,DOKOLO,252,DOKOLO SOUTH COUNTY
4,KANGAI,74,DOKOLO,252,DOKOLO SOUTH COUNTY
5,KWERA,74,DOKOLO,252,DOKOLO SOUTH COUNTY
10,OKWALONGWEN,74,DOKOLO,99,DOKOLO COUNTY
11,OKWONGODUL,74,DOKOLO,252,DOKOLO SOUTH COUNTY
1,KABULASOKE,91,GOMBA,254,GOMBA WEST COUNTY
5,KANONI TOWN COUNCIL,91,GOMBA,158,GOMBA EAST COUNTY
2,KYEGONZA,91,GOMBA,158,GOMBA EAST COUNTY
3,MADDU,91,GOMBA,254,GOMBA WEST COUNTY
4,MPENJA,91,GOMBA,158,GOMBA EAST COUNTY
1,AWACH,5,GULU,23,ASWA COUNTY
1,BAR‐DEGE,5,GULU,27,GULU MUNICIPALITY
1,BOBI,5,GULU,280,OMORO COUNTY
2,BUNGATIRA,5,GULU,23,ASWA COUNTY
2,KORO,5,GULU,280,OMORO COUNTY
3,LAKWANA,5,GULU,26,OMORO COUNTY
4,LALOGI,5,GULU,26,OMORO COUNTY
2,LAROO,5,GULU,27,GULU MUNICIPALITY
3,LAYIBI,5,GULU,27,GULU MUNICIPALITY
5,ODEK,5,GULU,26,OMORO COUNTY
6,ONGAKO,5,GULU,280,OMORO COUNTY
3,PAICHO,5,GULU,23,ASWA COUNTY
4,PALARO,5,GULU,23,ASWA COUNTY
5,PATIKO,5,GULU,23,ASWA COUNTY
4,PECE,5,GULU,27,GULU MUNICIPALITY
6,UNYAMA,5,GULU,23,ASWA COUNTY
1,BUGAMBE,6,HOIMA,29,BUHAGUZI COUNTY
1,BUHANIKA,6,HOIMA,28,BUGAHYA COUNTY
2,BUHIMBA,6,HOIMA,29,BUHAGUZI COUNTY
1,BUJUMBURA DIVISION,6,HOIMA,227,HOIMA MUNICIPALITY
2,BUSERUKA,6,HOIMA,28,BUGAHYA COUNTY
3,BUSIISI DIVISION,6,HOIMA,227,HOIMA MUNICIPALITY
3,KABWOYA,6,HOIMA,29,BUHAGUZI COUNTY
4,KAHOORA DIVISION,6,HOIMA,227,HOIMA MUNICIPALITY
5,KIGOROBYA,6,HOIMA,264,KIGOROBYA COUNTY
6,KIGOROBYA TOWN COUNCIL,6,HOIMA,264,KIGOROBYA COUNTY
7,KITOBA,6,HOIMA,28,BUGAHYA COUNTY
4,KIZIRANFUMBI,6,HOIMA,29,BUHAGUZI COUNTY
8,KYABIGAMBIRE,6,HOIMA,28,BUGAHYA COUNTY
5,KYANGWALI,6,HOIMA,29,BUHAGUZI COUNTY
2,MPARO DIVISION,6,HOIMA,227,HOIMA MUNICIPALITY
1,BISHESHE,61,IBANDA,136,IBANDA COUNTY NORTH
4,COUNCIL,61,IBANDA,136,IBANDA COUNTY NORTH
1,IBANDA TOWN COUNCIL,61,IBANDA,137,IBANDA COUNTY SOUTH
8,IGORORA TOWN COUNCIL,61,IBANDA,137,IBANDA COUNTY SOUTH
2,ISHONGORORO,61,IBANDA,136,IBANDA COUNTY NORTH
5,KASHANGURA,61,IBANDA,136,IBANDA COUNTY NORTH
6,KEIHANGARA,61,IBANDA,137,IBANDA COUNTY SOUTH
2,KICUZI,61,IBANDA,137,IBANDA COUNTY SOUTH
6,KIJONGO,61,IBANDA,136,IBANDA COUNTY NORTH
3,KIKYENKYE,61,IBANDA,137,IBANDA COUNTY SOUTH
7,NSASI,61,IBANDA,137,IBANDA COUNTY SOUTH
4,NYABUHIKYE,61,IBANDA,137,IBANDA COUNTY SOUTH
3,NYAMAREBE,61,IBANDA,136,IBANDA COUNTY NORTH
5,RUKIRI,61,IBANDA,137,IBANDA COUNTY SOUTH
7,RUSHANGO TOWN COUNCIL,61,IBANDA,136,IBANDA COUNTY NORTH
1,BULAMAGI,7,IGANGA,39,KIGULU COUNTY SOUTH
5,BUSEMBATIA TOWN COUNCIL,7,IGANGA,30,BUGWERI COUNTY
1,BUYANGA,7,IGANGA,30,BUGWERI COUNTY
1,CENTRAL DIVISION,7,IGANGA,228,IGANGA MUNICIPALITY
2,IBULANKU,7,IGANGA,30,BUGWERI COUNTY
6,IGOMBE,7,IGANGA,30,BUGWERI COUNTY
3,MAKUUTU,7,IGANGA,30,BUGWERI COUNTY
1,NABITENDE,7,IGANGA,38,KIGULU COUNTY NORTH
3,NAKALAMA,7,IGANGA,39,KIGULU COUNTY SOUTH
4,NAKIGO,7,IGANGA,39,KIGULU COUNTY SOUTH
4,NAMALEMBA,7,IGANGA,30,BUGWERI COUNTY
2,NAMBALE,7,IGANGA,38,KIGULU COUNTY NORTH
3,NAMUNGALWE,7,IGANGA,38,KIGULU COUNTY NORTH
4,NAWANDALA,7,IGANGA,38,KIGULU COUNTY NORTH
5,NAWANYINGI,7,IGANGA,39,KIGULU COUNTY SOUTH
2,NORTHERN DIVISION,7,IGANGA,228,IGANGA MUNICIPALITY
1,BIRERE,62,ISINGIRO,138,ISINGIRO COUNTY NORTH
1,ENDINZI,62,ISINGIRO,135,BUKANGA COUNTY
4,ISINGIRO TOWN COUNCIL,62,ISINGIRO,138,ISINGIRO COUNTY NORTH
6,KABEREBERE TOWN COUNCIL,62,ISINGIRO,138,ISINGIRO COUNTY NORTH
2,KABINGO,62,ISINGIRO,138,ISINGIRO COUNTY NORTH
1,KABUYANDA,62,ISINGIRO,139,ISINGIRO COUNTY SOUTH
5,KABUYANDA TOWN COUNCIL,62,ISINGIRO,139,ISINGIRO COUNTY SOUTH
2,KASHUMBA,62,ISINGIRO,135,BUKANGA COUNTY
2,KIKAGATE,62,ISINGIRO,139,ISINGIRO COUNTY SOUTH
3,MASHA,62,ISINGIRO,138,ISINGIRO COUNTY NORTH
5,MBAARE,62,ISINGIRO,135,BUKANGA COUNTY
3,NGARAMA,62,ISINGIRO,135,BUKANGA COUNTY
3,NYAKITUNDA,62,ISINGIRO,139,ISINGIRO COUNTY SOUTH
5,NYAMUYANJA,62,ISINGIRO,138,ISINGIRO COUNTY NORTH
4,RUBOROGOTA,62,ISINGIRO,139,ISINGIRO COUNTY SOUTH
4,RUGAAGA,62,ISINGIRO,135,BUKANGA COUNTY
6,RUSHASHA,62,ISINGIRO,135,BUKANGA COUNTY
1,BUDONDO,8,JINJA,42,KAGOMA COUNTY
4,BUGEMBE TOWN COUNCIL,8,JINJA,41,BUTEMBE COUNTY
1,BUSEDDE,8,JINJA,41,BUTEMBE COUNTY
2,BUTAGAYA,8,JINJA,42,KAGOMA COUNTY
3,BUWENGE,8,JINJA,42,KAGOMA COUNTY
4,BUWENGE TOWN COUNCIL,8,JINJA,42,KAGOMA COUNTY
5,BUYENGO,8,JINJA,42,KAGOMA COUNTY
1,JINJA CENTRAL,8,JINJA,43,JINJA MUNICIPALITY EAST
2,KAKIRA TOWN COUNCIL,8,JINJA,41,BUTEMBE COUNTY
2,KIMAKA /MPUMUDDE,8,JINJA,44,JINJA MUNICIPALITY WEST
3,MAFUBIRA,8,JINJA,41,BUTEMBE COUNTY
2,WALUKUBA/MASESE,8,JINJA,43,JINJA MUNICIPALITY EAST
1,KAABONG EAST,63,KAABONG,93,DODOTH EAST COUNTY
2,KAABONG TOWN COUNCIL,63,KAABONG,93,DODOTH EAST COUNTY
10,KAABONG WEST,63,KAABONG,93,DODOTH EAST COUNTY
3,KALAPATA,63,KAABONG,93,DODOTH EAST COUNTY
11,KAMION,63,KAABONG,255,DODOTH EAST COUNTY
4,KAPEDO,63,KAABONG,237,DODOTH WEST COUNTY
8,KARENGA(NAPORE),63,KAABONG,237,DODOTH WEST COUNTY
5,KATHILE,63,KAABONG,93,DODOTH EAST COUNTY
12,KAWALAKOL,63,KAABONG,237,DODOTH WEST COUNTY
13,LOBALANGIT,63,KAABONG,237,DODOTH WEST COUNTY
14,LODIKO,63,KAABONG,93,DODOTH EAST COUNTY
6,LOLELIA,63,KAABONG,93,DODOTH EAST COUNTY
7,LOYORO,63,KAABONG,93,DODOTH EAST COUNTY
9,SIDOK (KOPOTH),63,KAABONG,93,DODOTH EAST COUNTY
1,BUBARE,9,KABALE,47,RUBANDA COUNTY EAST
1,BUFUNDI,9,KABALE,48,RUBANDA COUNTY WEST
1,BUHARA,9,KABALE,45,NDORWA COUNTY EAST
1,BUKINDA,9,KABALE,49,RUKIGA COUNTY
4,BUTANDA,9,KABALE,46,NDORWA COUNTY WEST
2,HAMURWA,9,KABALE,47,RUBANDA COUNTY EAST
3,HAMURWA TOWN COUNCIL,9,KABALE,47,RUBANDA COUNTY EAST
2,IKUMBA,9,KABALE,48,RUBANDA COUNTY WEST
1,KABALE CENTRAL,9,KABALE,50,KABALE MUNICIPALITY
2,KABALE NORTHERN,9,KABALE,50,KABALE MUNICIPALITY
3,KABALE SOUTHERN,9,KABALE,50,KABALE MUNICIPALITY
2,KAHARO,9,KABALE,45,NDORWA COUNTY EAST
1,KAMUGANGUZI,9,KABALE,46,NDORWA COUNTY WEST
2,KAMWEZI,9,KABALE,49,RUKIGA COUNTY
3,KASHAMBYA,9,KABALE,49,RUKIGA COUNTY
5,KATUNA TOWN COUNCIL,9,KABALE,46,NDORWA COUNTY WEST
2,KITUMBA,9,KABALE,46,NDORWA COUNTY WEST
3,KYANAMIRA,9,KABALE,45,NDORWA COUNTY EAST
4,MAZIBA,9,KABALE,45,NDORWA COUNTY EAST
5,MUHANGA TOWN COUNCIL,9,KABALE,49,RUKIGA COUNTY
3,MUKO,9,KABALE,48,RUBANDA COUNTY WEST
4,NYAMWEERU,9,KABALE,47,RUBANDA COUNTY EAST
3,RUBAYA,9,KABALE,46,NDORWA COUNTY WEST
4,RUHIJA,9,KABALE,48,RUBANDA COUNTY WEST
4,RWAMUCUCU,9,KABALE,49,RUKIGA COUNTY
1,BUHEESI,10,KABAROLE,51,BUNYANGABU COUNTY
1,BUKUUKU,10,KABAROLE,52,BURAHYA COUNTY
2,BUSORO,10,KABAROLE,52,BURAHYA COUNTY
1,EASTERN DIVISION,10,KABAROLE,58,FORT PORTAL MUNICIPALITY
3,HAKIBALE,10,KABAROLE,52,BURAHYA COUNTY
13,HARUGONGO,10,KABAROLE,52,BURAHYA COUNTY
14,KABENDE,10,KABAROLE,52,BURAHYA COUNTY
8,KABONERO,10,KABAROLE,51,BUNYANGABU COUNTY
12,KARAGO TOWN COUNCIL,10,KABAROLE,52,BURAHYA COUNTY
4,KARAMBI,10,KABAROLE,52,BURAHYA COUNTY
9,KARANGURA,10,KABAROLE,52,BURAHYA COUNTY
8,KASENDA,10,KABAROLE,52,BURAHYA COUNTY
5,KATEEBWA,10,KABAROLE,51,BUNYANGABU COUNTY
2,KIBIITO,10,KABAROLE,51,BUNYANGABU COUNTY
6,KIBIITO TOWN COUNCIL,10,KABAROLE,51,BUNYANGABU COUNTY
5,KICWAMBA,10,KABAROLE,52,BURAHYA COUNTY
10,KIJURA TOWN COUNCIL,10,KABAROLE,52,BURAHYA COUNTY
11,KIKO TOWN COUNCIL,10,KABAROLE,52,BURAHYA COUNTY
3,KISOMORO,10,KABAROLE,51,BUNYANGABU COUNTY
10,KIYOMBYA,10,KABAROLE,51,BUNYANGABU COUNTY
6,MUGUSU,10,KABAROLE,52,BURAHYA COUNTY
9,RUBONA TOWN COUNCIL,10,KABAROLE,51,BUNYANGABU COUNTY
7,RUTEETE,10,KABAROLE,52,BURAHYA COUNTY
4,RWIMI,10,KABAROLE,51,BUNYANGABU COUNTY
7,RWIMI TOWN COUNCIL,10,KABAROLE,51,BUNYANGABU COUNTY
2,SOUTHERN DIVISION,10,KABAROLE,58,FORT PORTAL MUNICIPALITY
3,WESTERN  DIVISION,10,KABAROLE,58,FORT PORTAL MUNICIPALITY
1,ALWA,54,KABERAMAIDO,200,KABERAMAIDO COUNTY
1,ANYARA,54,KABERAMAIDO,201,KALAKI COUNTY
5,APAPAI,54,KABERAMAIDO,201,KALAKI COUNTY
6,APERIKIRA,54,KABERAMAIDO,200,KABERAMAIDO COUNTY
2,BULULU,54,KABERAMAIDO,201,KALAKI COUNTY
5,COUNCIL,54,KABERAMAIDO,200,KABERAMAIDO COUNTY
2,KABERAMAIDO,54,KABERAMAIDO,200,KABERAMAIDO COUNTY
6,KAKURE,54,KABERAMAIDO,201,KALAKI COUNTY
3,KALAKI,54,KABERAMAIDO,201,KALAKI COUNTY
3,KOBULUBULU,54,KABERAMAIDO,200,KABERAMAIDO COUNTY
4,OCHERO,54,KABERAMAIDO,200,KABERAMAIDO COUNTY
4,OTUBOI,54,KABERAMAIDO,201,KALAKI COUNTY
2,BUBEKE,11,KALANGALA,60,KYAMUSWA COUNTY
1,BUFUMIRA,11,KALANGALA,60,KYAMUSWA COUNTY
1,BUJUMBA,11,KALANGALA,59,BUJUMBA COUNTY
2,KALANGALA TOWN COUNCIL,11,KALANGALA,59,BUJUMBA COUNTY
3,KYAMUSWA,11,KALANGALA,60,KYAMUSWA COUNTY
4,MAZINGA,11,KALANGALA,60,KYAMUSWA COUNTY
3,MUGOYE,11,KALANGALA,59,BUJUMBA COUNTY
1,BUMANYA,64,KALIRO,72,BULAMOGI COUNTY
2,GADUMIRE,64,KALIRO,72,BULAMOGI COUNTY
6,KALIRO TOWN COUNCIL,64,KALIRO,72,BULAMOGI COUNTY
3,NAMUGONGO,64,KALIRO,72,BULAMOGI COUNTY
4,NAMWIWA,64,KALIRO,72,BULAMOGI COUNTY
5,NAWAIKOKE,64,KALIRO,247,BULAMOGI COUNTY
1,BUKULULA,100,KALUNGU,117,KALUNGU EAST COUNTY
1,KALUNGU,100,KALUNGU,118,KALUNGU WEST COUNTY
3,KALUNGU TOWN COUNCIL,100,KALUNGU,118,KALUNGU WEST COUNTY
2,KYAMULIBWA,100,KALUNGU,118,KALUNGU WEST COUNTY
3,LUKAYA TOWN COUNCIL,100,KALUNGU,117,KALUNGU EAST COUNTY
2,LWABENGE,100,KALUNGU,117,KALUNGU EAST COUNTY
1,KAMPALA CENTRAL,12,KAMPALA,61,KAMPALA CENTRAL DIVISION
1,KAWEMPE DIVISION,12,KAMPALA,62,KAWEMPE DIVISION NORTH
2,MAKERERE UNIVERSITY,12,KAMPALA,63,KAWEMPE DIVISION SOUTH
1,MAKINDYE DIVISION,12,KAMPALA,64,MAKINDYE DIVISION EAST
1,NAKAWA,12,KAMPALA,68,NAKAWA DIVISION
1,RUBAGA DIVISION,12,KAMPALA,66,RUBAGA DIVISION NORTH
1,BALAWOLI,13,KAMULI,70,BUGABULA COUNTY NORTH
1,BUGULUMBYA,13,KAMULI,73,BUZAAYA COUNTY
1,BULOPA,13,KAMULI,71,BUGABULA COUNTY SOUTH
2,BUTANSI,13,KAMULI,71,BUGABULA COUNTY SOUTH
2,KISOZI,13,KAMULI,73,BUZAAYA COUNTY
3,KITAYUNJWA,13,KAMULI,71,BUGABULA COUNTY SOUTH
3,MBULAMUTI,13,KAMULI,73,BUZAAYA COUNTY
3,NABWIGULU,13,KAMULI,70,BUGABULA COUNTY NORTH
4,NAMASAGALI,13,KAMULI,70,BUGABULA COUNTY NORTH
4,NAMWENDWA,13,KAMULI,71,BUGABULA COUNTY SOUTH
4,NAWANYAGO,13,KAMULI,73,BUZAAYA COUNTY
1,NORTHERN DIVISION,13,KAMULI,282,KAMULI MUNICIPALITY
2,SOUTHERN DIVISION,13,KAMULI,282,KAMULI MUNICIPALITY
5,WANKOLE,13,KAMULI,73,BUZAAYA COUNTY
8,BIGULI,46,KAMWENGE,262,KIBALE EAST COUNTY
9,BIHANGA,46,KAMWENGE,262,KIBALE EAST COUNTY
5,BUHANDA,46,KAMWENGE,54,KITAGWENDA COUNTY
6,BUSIRIBA,46,KAMWENGE,53,KIBALE COUNTY
1,BWIZI,46,KAMWENGE,262,KIBALE EAST COUNTY
7,KABAMBIRO,46,KAMWENGE,53,KIBALE COUNTY
2,KAHUNGE,46,KAMWENGE,53,KIBALE COUNTY
3,KAMWENGE,46,KAMWENGE,53,KIBALE COUNTY
5,KAMWENGE TOWN COUNCIL,46,KAMWENGE,53,KIBALE COUNTY
6,KANARA,46,KAMWENGE,54,KITAGWENDA COUNTY
1,KICHECHE,46,KAMWENGE,54,KITAGWENDA COUNTY
2,MAHYORO,46,KAMWENGE,54,KITAGWENDA COUNTY
4,NKOMA,46,KAMWENGE,262,KIBALE EAST COUNTY
3,NTARA,46,KAMWENGE,54,KITAGWENDA COUNTY
4,NYABBANI,46,KAMWENGE,54,KITAGWENDA COUNTY
9,BUTOGOTA TOWN COUNCIL,55,KANUNGU,196,KINKIZI COUNTY WEST
1,KAMBUGA,55,KANUNGU,195,KINKIZI COUNTY EAST
8,KAMBUGA TOWN COUNCIL,55,KANUNGU,195,KINKIZI COUNTY EAST
5,KANUNGU TOWN COUNCIL,55,KANUNGU,195,KINKIZI COUNTY EAST
1,KANYANTOROGO,55,KANUNGU,196,KINKIZI COUNTY WEST
6,KATETE,55,KANUNGU,195,KINKIZI COUNTY EAST
2,KAYONZA,55,KANUNGU,196,KINKIZI COUNTY WEST
3,KIHIIHI,55,KANUNGU,196,KINKIZI COUNTY WEST
6,KIHIIHI TOWN COUNCIL,55,KANUNGU,196,KINKIZI COUNTY WEST
7,KINAABA,55,KANUNGU,195,KINKIZI COUNTY EAST
2,KIRIMA,55,KANUNGU,195,KINKIZI COUNTY EAST
5,MPUNGU,55,KANUNGU,196,KINKIZI COUNTY WEST
7,NYAKINONI,55,KANUNGU,196,KINKIZI COUNTY WEST
4,NYAMIRAMA,55,KANUNGU,196,KINKIZI COUNTY WEST
8,NYANGA,55,KANUNGU,196,KINKIZI COUNTY WEST
3,RUGYEYO,55,KANUNGU,195,KINKIZI COUNTY EAST
4,RUTENGA,55,KANUNGU,195,KINKIZI COUNTY EAST
14,AMUKOL,14,KAPCHORWA,76,TINGEY COUNTY
1,CENTRAL DIVISION,14,KAPCHORWA,283,KAPCHORWA MUNICIPALITY
6,CHEMA,14,KAPCHORWA,76,TINGEY COUNTY
15,CHEPTERECH,14,KAPCHORWA,76,TINGEY COUNTY
2,EAST DIVISION,14,KAPCHORWA,283,KAPCHORWA MUNICIPALITY
8,GAMOGO,14,KAPCHORWA,76,TINGEY COUNTY
9,KABEYWA,14,KAPCHORWA,76,TINGEY COUNTY
11,KAPSINDA,14,KAPCHORWA,76,TINGEY COUNTY
2,KAPTANYA,14,KAPCHORWA,76,TINGEY COUNTY
3,KASEREM,14,KAPCHORWA,76,TINGEY COUNTY
7,KAWOWO,14,KAPCHORWA,76,TINGEY COUNTY
13,MUNARYA,14,KAPCHORWA,76,TINGEY COUNTY
4,SIPI,14,KAPCHORWA,76,TINGEY COUNTY
3,WEST DIVISION,14,KAPCHORWA,283,KAPCHORWA MUNICIPALITY
1,BUGOYE,15,KASESE,79,BUSONGORA COUNTY NORTH
7,BUHUHIRA,15,KASESE,79,BUSONGORA COUNTY NORTH
1,BULEMBIA DIVISION,15,KASESE,229,KASESE MUNICIPALITY
1,BWERA,15,KASESE,78,BUKONJO COUNTY WEST
6,BWESUMBU,15,KASESE,79,BUSONGORA COUNTY NORTH
2,CENTRAL DIVISION,15,KASESE,229,KASESE MUNICIPALITY
6,COUNCIL,15,KASESE,78,BUKONJO COUNTY WEST
5,HIMA TOWN COUNCIL,15,KASESE,79,BUSONGORA COUNTY NORTH
2,IHANDIRO,15,KASESE,78,BUKONJO COUNTY WEST
7,ISANGO,15,KASESE,78,BUKONJO COUNTY WEST
3,KARAMBI,15,KASESE,78,BUKONJO COUNTY WEST
1,KARUSANDARA,15,KASESE,80,BUSONGORA COUNTY SOUTH
3,KILEMBE,15,KASESE,80,BUSONGORA COUNTY SOUTH
1,KISINGA,15,KASESE,77,BUKONZO COUNTY  EAST
4,KITHOLU,15,KASESE,78,BUKONJO COUNTY WEST
2,KITSWAMBA,15,KASESE,79,BUSONGORA COUNTY NORTH
3,KYABARUNGIRA,15,KASESE,79,BUSONGORA COUNTY NORTH
2,KYARUMBA,15,KASESE,77,BUKONZO COUNTY  EAST
3,KYONDO,15,KASESE,77,BUKONZO COUNTY  EAST
5,LAKE KATWE,15,KASESE,80,BUSONGORA COUNTY SOUTH
4,MAHANGO,15,KASESE,77,BUKONZO COUNTY  EAST
4,MALIBA,15,KASESE,79,BUSONGORA COUNTY NORTH
6,MUHOKYA,15,KASESE,80,BUSONGORA COUNTY SOUTH
5,MUNKUNYU,15,KASESE,77,BUKONZO COUNTY  EAST
6,NYAKATONZI,15,KASESE,77,BUKONZO COUNTY  EAST
5,NYAKIYUMBU,15,KASESE,78,BUKONJO COUNTY WEST
3,NYAMWAMBA DIVISION,15,KASESE,229,KASESE MUNICIPALITY
7,RUKOKI,15,KASESE,80,BUSONGORA COUNTY SOUTH
1,KAPUJAN,43,KATAKWI,224,TOROMA COUNTY
2,KATAKWI,43,KATAKWI,206,USUK COUNTY
3,KATAKWI TOWN COUNCIL,43,KATAKWI,206,USUK COUNTY
4,MAGORO,43,KATAKWI,224,TOROMA COUNTY
5,NGARIAM,43,KATAKWI,206,USUK COUNTY
8,OMODOI,43,KATAKWI,224,TOROMA COUNTY
9,ONGONGOJA,43,KATAKWI,206,USUK COUNTY
10,PALAM,43,KATAKWI,206,USUK COUNTY
6,TOROMA,43,KATAKWI,224,TOROMA COUNTY
7,USUK,43,KATAKWI,206,USUK COUNTY
1,BBAALE,47,KAYUNGA,171,BBALE COUNTY
1,BUSAANA,47,KAYUNGA,179,NTENJERU COUNTY NORTH
2,GALIRAYA,47,KAYUNGA,171,BBALE COUNTY
1,KANGULUMIRA,47,KAYUNGA,180,NTENJERU COUNTY SOUTH
3,KAYONZA,47,KAYUNGA,171,BBALE COUNTY
2,KAYUNGA,47,KAYUNGA,179,NTENJERU COUNTY NORTH
3,KAYUNGA TOWN COUNCIL,47,KAYUNGA,179,NTENJERU COUNTY NORTH
4,KITIMBWA,47,KAYUNGA,171,BBALE COUNTY
2,NAZIGO,47,KAYUNGA,180,NTENJERU COUNTY SOUTH
7,BIREMBO,16,KIBAALE,81,BUGANGAIZI WEST COUNTY
6,BUBANGO,16,KIBAALE,83,BUYANJA COUNTY
10,BURORA,16,KIBAALE,220,BUYAGA WEST COUNTY
1,BWAMIRAMIRA,16,KIBAALE,83,BUYANJA COUNTY
1,BWANSWA,16,KIBAALE,81,BUGANGAIZI WEST COUNTY
1,BWIKARA,16,KIBAALE,220,BUYAGA WEST COUNTY
11,KABAMBA,16,KIBAALE,82,BUYAGA EAST COUNTY
2,KAGADI,16,KIBAALE,82,BUYAGA EAST COUNTY
9,KAGADI TOWN COUNCIL,16,KIBAALE,82,BUYAGA EAST COUNTY
2,KAKINDO,16,KIBAALE,81,BUGANGAIZI WEST COUNTY
4,KAKUMIRO TOWN COUNCIL,16,KIBAALE,81,BUGANGAIZI WEST COUNTY
3,KASAMBYA,16,KIBAALE,81,BUGANGAIZI WEST COUNTY
2,KIBAALE TOWN COUNCIL,16,KIBAALE,83,BUYANJA COUNTY
3,KIRYANGA,16,KIBAALE,82,BUYAGA EAST COUNTY
4,KISIITA,16,KIBAALE,219,BUGANGAIZI EAST COUNTY
2,KYAKABADIIMA,16,KIBAALE,220,BUYAGA WEST COUNTY
4,KYANAISOKE,16,KIBAALE,82,BUYAGA EAST COUNTY
12,KYATEREKERA,16,KIBAALE,220,BUYAGA WEST COUNTY
3,KYEBANDO,16,KIBAALE,83,BUYANJA COUNTY
13,KYENZIGE,16,KIBAALE,82,BUYAGA EAST COUNTY
5,MABAALE,16,KIBAALE,82,BUYAGA EAST COUNTY
4,MATALE,16,KIBAALE,83,BUYANJA COUNTY
8,MPASAANA,16,KIBAALE,219,BUGANGAIZI EAST COUNTY
6,MPEEFU,16,KIBAALE,220,BUYAGA WEST COUNTY
5,MUGARAMA,16,KIBAALE,83,BUYANJA COUNTY
7,MUHORRO,16,KIBAALE,220,BUYAGA WEST COUNTY
3,MUHORRO TOWN COUNCIL,16,KIBAALE,220,BUYAGA WEST COUNTY
5,NARWEYO,16,KIBAALE,81,BUGANGAIZI WEST COUNTY
14,NDAIGA,16,KIBAALE,220,BUYAGA WEST COUNTY
6,NKOOKO,16,KIBAALE,219,BUGANGAIZI EAST COUNTY
8,NYAMARUNDA,16,KIBAALE,83,BUYANJA COUNTY
7,NYAMARWA,16,KIBAALE,83,BUYANJA COUNTY
15,PACHWA,16,KIBAALE,82,BUYAGA EAST COUNTY
8,RUGASHARI,16,KIBAALE,220,BUYAGA WEST COUNTY
16,RUTEETE,16,KIBAALE,220,BUYAGA WEST COUNTY
1,BUKOMERO,17,KIBOGA,84,KIBOGA  EAST COUNTY
8,BUKOMERO TOWN COUNCIL,17,KIBOGA,84,KIBOGA  EAST COUNTY
2,DDWANIRO,17,KIBOGA,84,KIBOGA  EAST COUNTY
3,KAPEKE,17,KIBOGA,84,KIBOGA  EAST COUNTY
4,KIBIGA,17,KIBOGA,84,KIBOGA  EAST COUNTY
5,KIBOGA TOWN COUNCIL,17,KIBOGA,84,KIBOGA  EAST COUNTY
6,LWAMATA,17,KIBOGA,84,KIBOGA  EAST COUNTY
7,MUWANGA,17,KIBOGA,84,KIBOGA  EAST COUNTY
1,BULANGIRA,102,KIBUKU,256,KABWERI COUNTY
2,BUSETA,102,KIBUKU,189,KIBUKU COUNTY
8,KABWERI,102,KIBUKU,256,KABWERI COUNTY
3,KADAMA,102,KIBUKU,256,KABWERI COUNTY
5,KAGUMU,102,KIBUKU,256,KABWERI COUNTY
9,KASASIRA,102,KIBUKU,189,KIBUKU COUNTY
4,KIBUKU,102,KIBUKU,189,KIBUKU COUNTY
10,KIBUKU TOWN COUNCIL,102,KIBUKU,189,KIBUKU COUNTY
6,KIRIKA,102,KIBUKU,256,KABWERI COUNTY
7,TIRINYI,102,KIBUKU,189,KIBUKU COUNTY
1,BUREMBA,65,KIRUHURA,141,KAZO COUNTY
2,BURUNGA,65,KIRUHURA,141,KAZO COUNTY
6,ENGARI,65,KIRUHURA,141,KAZO COUNTY
3,KANONI,65,KIRUHURA,141,KAZO COUNTY
1,KANYARYERU,65,KIRUHURA,142,NYABUSHOZI COUNTY
2,KASHONGI,65,KIRUHURA,260,KASHONGI COUNTY
4,KAZO,65,KIRUHURA,141,KAZO COUNTY
8,KAZO TOWN COUNCIL,65,KIRUHURA,141,KAZO COUNTY
3,KENSHUNGA,65,KIRUHURA,142,NYABUSHOZI COUNTY
4,KIKATSI,65,KIRUHURA,142,NYABUSHOZI COUNTY
5,KINONI,65,KIRUHURA,142,NYABUSHOZI COUNTY
8,KIRUHURA TOWN COUNCIL,65,KIRUHURA,142,NYABUSHOZI COUNTY
9,KITURA,65,KIRUHURA,260,KASHONGI COUNTY
7,NKUNGU,65,KIRUHURA,141,KAZO COUNTY
6,NYAKASHASHARA,65,KIRUHURA,142,NYABUSHOZI COUNTY
5,RWEMIKOMA,65,KIRUHURA,141,KAZO COUNTY
7,SANGA,65,KIRUHURA,142,NYABUSHOZI COUNTY
10,SANGA TOWN COUNCIL,65,KIRUHURA,142,NYABUSHOZI COUNTY
6,BWEYALE TOWN COUNCIL,92,KIRYANDONGO,263,KIBANDA NORTH COUNTY
7,COUNCIL,92,KIRYANDONGO,263,KIBANDA NORTH COUNTY
1,KIGUMBA,92,KIRYANDONGO,125,KIBANDA SOUTH COUNTY
5,KIGUMBA TOWN COUNCIL,92,KIRYANDONGO,125,KIBANDA SOUTH COUNTY
2,KIRYANDONGO,92,KIRYANDONGO,263,KIBANDA NORTH COUNTY
3,MASINDI PORT,92,KIRYANDONGO,125,KIBANDA SOUTH COUNTY
4,MUTUNDA,92,KIRYANDONGO,263,KIBANDA NORTH COUNTY
1,BUKIMBIRI,18,KISORO,86,BUFUMBIRA COUNTY EAST
1,BUSANZA,18,KISORO,87,BUFUMBIRA COUNTY NORTH
1,CENTRAL DIVISION,18,KISORO,285,KISORO MUNICIPALITY
1,CHAHI,18,KISORO,88,BUFUMBIRA COUNTY SOUTH
2,KANABA,18,KISORO,86,BUFUMBIRA COUNTY EAST
2,KIRUNDO,18,KISORO,87,BUFUMBIRA COUNTY NORTH
3,MURAMBA,18,KISORO,88,BUFUMBIRA COUNTY SOUTH
3,MURORA,18,KISORO,86,BUFUMBIRA COUNTY EAST
2,NORTH DIVISION,18,KISORO,285,KISORO MUNICIPALITY
3,NYABWISHENYA,18,KISORO,87,BUFUMBIRA COUNTY NORTH
4,NYAKABANDE,18,KISORO,86,BUFUMBIRA COUNTY EAST
4,NYAKINAMA,18,KISORO,88,BUFUMBIRA COUNTY SOUTH
4,NYARUBUYE,18,KISORO,87,BUFUMBIRA COUNTY NORTH
5,NYARUSIZA,18,KISORO,88,BUFUMBIRA COUNTY SOUTH
5,NYUNDO,18,KISORO,86,BUFUMBIRA COUNTY EAST
3,SOUTH DIVISION,18,KISORO,285,KISORO MUNICIPALITY
9,AKWANG,19,KITGUM,91,CHUA WEST COUNTY
1,CENTRAL DIVISION,19,KITGUM,286,KITGUM MUNICIPALITY
1,KITGUM MATIDI,19,KITGUM,91,CHUA WEST COUNTY
4,LABONGO‐AMIDA,19,KITGUM,91,CHUA WEST COUNTY
3,LABONGO‐LAYAMO,19,KITGUM,91,CHUA WEST COUNTY
8,LAGORO,19,KITGUM,91,CHUA WEST COUNTY
5,MUCHWINI,19,KITGUM,250,CHUA EAST COUNTY
6,NAM‐OKORA,19,KITGUM,250,CHUA EAST COUNTY
10,OMIYA‐ANYIMA,19,KITGUM,250,CHUA EAST COUNTY
7,OROM,19,KITGUM,250,CHUA EAST COUNTY
3,PAGER DIVISION,19,KITGUM,286,KITGUM MUNICIPALITY
2,PANDWONG DIVISION,19,KITGUM,286,KITGUM MUNICIPALITY
6,ABUKU,66,KOBOKO,266,KOBOKO NORTH COUNTY
7,DRANYA,66,KOBOKO,8,KOBOKO COUNTY
5,KULUBA,66,KOBOKO,8,KOBOKO COUNTY
2,LOBULE,66,KOBOKO,8,KOBOKO COUNTY
3,LUDARA,66,KOBOKO,266,KOBOKO NORTH COUNTY
4,MIDIA,66,KOBOKO,8,KOBOKO COUNTY
1,NORTH DIVISION,66,KOBOKO,287,KOBOKO MUNICIPALITY
2,SOUTH DIVISION,66,KOBOKO,287,KOBOKO MUNICIPALITY
3,WESTERN DIVISION,66,KOBOKO,287,KOBOKO MUNICIPALITY
1,ABOKE,103,KOLE,267,KOLE NORTH COUNTY
2,AKALO,103,KOLE,1,KOLE COUNTY
3,ALITO,103,KOLE,267,KOLE NORTH COUNTY
4,AYER,103,KOLE,1,KOLE COUNTY
5,BALLA,103,KOLE,1,KOLE COUNTY
6,KOLE TOWN COUNCIL,103,KOLE,1,KOLE COUNTY
1,KACHERI,20,KOTIDO,94,JIE COUNTY
2,KOTIDO,20,KOTIDO,94,JIE COUNTY
3,KOTIDO TOWN COUNCIL,20,KOTIDO,94,JIE COUNTY
4,NAKAPELIMORU,20,KOTIDO,94,JIE COUNTY
5,PANYANGARA,20,KOTIDO,94,JIE COUNTY
6,RENGEN,20,KOTIDO,94,JIE COUNTY
1,ATUTUR,21,KUMI,97,KUMI COUNTY
2,KANYUM,21,KUMI,258,KANYUM COUNTY
3,KUMI,21,KUMI,97,KUMI COUNTY
5,MUKONGORO,21,KUMI,258,KANYUM COUNTY
1,NORTH DIVISION,21,KUMI,288,KUMI MUNICIPALITY
6,NYERO,21,KUMI,97,KUMI COUNTY
7,ONGINO,21,KUMI,97,KUMI COUNTY
2,SOUTH DIVISION,21,KUMI,288,KUMI MUNICIPALITY
1,BENET,104,KWEEN,75,KWEEN COUNTY
2,BINYINY,104,KWEEN,75,KWEEN COUNTY
11,BINYINY TOWN COUNCIL,104,KWEEN,75,KWEEN COUNTY
7,GREEK RIVER,104,KWEEN,75,KWEEN COUNTY
3,KAPRORON,104,KWEEN,75,KWEEN COUNTY
12,KAPTOYOY,104,KWEEN,75,KWEEN COUNTY
8,KAPTUM,104,KWEEN,75,KWEEN COUNTY
9,KITAWOI,104,KWEEN,75,KWEEN COUNTY
5,KWANYIY,104,KWEEN,75,KWEEN COUNTY
6,KWOSIR,104,KWEEN,75,KWEEN COUNTY
10,MOYOK,104,KWEEN,75,KWEEN COUNTY
4,NGENGE,104,KWEEN,75,KWEEN COUNTY
10,BANANYWA,93,KYANKWANZI,248,BUTEMBA COUNTY
1,BUTEMBA,93,KYANKWANZI,248,BUTEMBA COUNTY
9,BUTEMBA TOWN COUNCIL,93,KYANKWANZI,248,BUTEMBA COUNTY
2,GAYAZA,93,KYANKWANZI,85,NTWETWE COUNTY
6,KITABONA,93,KYANKWANZI,85,NTWETWE COUNTY
3,KYANKWANZI,93,KYANKWANZI,248,BUTEMBA COUNTY
4,MULAGI,93,KYANKWANZI,85,NTWETWE COUNTY
11,NKANDWA,93,KYANKWANZI,85,NTWETWE COUNTY
5,NSAMBYA,93,KYANKWANZI,248,BUTEMBA COUNTY
8,NTWETWE TOWN COUNCIL,93,KYANKWANZI,85,NTWETWE COUNTY
7,WATTUBA,93,KYANKWANZI,85,NTWETWE COUNTY
1,HAPUUYO,84,KYEGEGWA,55,KYAKA COUNTY
2,KAKABARA,84,KYEGEGWA,55,KYAKA COUNTY
3,KASULE,84,KYEGEGWA,55,KYAKA COUNTY
9,KIGAMBO,84,KYEGEGWA,55,KYAKA COUNTY
4,KYEGEGWA,84,KYEGEGWA,268,KYAKA SOUTH COUNTY
8,KYEGEGWA TOWN COUNCIL,84,KYEGEGWA,55,KYAKA COUNTY
5,MPARA,84,KYEGEGWA,268,KYAKA SOUTH COUNTY
6,RUYONZA,84,KYEGEGWA,268,KYAKA SOUTH COUNTY
7,RWENTUHA,84,KYEGEGWA,268,KYAKA SOUTH COUNTY
1,BUFUNJO,48,KYENJOJO,56,MWENGE COUNTY NORTH
2,BUGAAKI,48,KYENJOJO,274,MWENGE CENTRAL COUNTY
1,BUTIITI,48,KYENJOJO,57,MWENGE COUNTY SOUTH
5,BUTUNDUZI,48,KYENJOJO,57,MWENGE COUNTY SOUTH
9,BUTUNDUZI TOWN COUNCIL,48,KYENJOJO,57,MWENGE COUNTY SOUTH
3,KATOOKE,48,KYENJOJO,274,MWENGE CENTRAL COUNTY
6,KATOOKE TOWN COUNCIL,48,KYENJOJO,274,MWENGE CENTRAL COUNTY
8,KIGAMBO,48,KYENJOJO,56,MWENGE COUNTY NORTH
6,KIGARAALE,48,KYENJOJO,57,MWENGE COUNTY SOUTH
2,KIHUURA,48,KYENJOJO,57,MWENGE COUNTY SOUTH
7,KISOJO,48,KYENJOJO,57,MWENGE COUNTY SOUTH
4,KYARUSOZI,48,KYENJOJO,274,MWENGE CENTRAL COUNTY
7,KYARUSOZI TOWN COUNCIL,48,KYENJOJO,274,MWENGE CENTRAL COUNTY
8,KYEMBOGO,48,KYENJOJO,56,MWENGE COUNTY NORTH
4,KYENJOJO TOWN COUNCIL,48,KYENJOJO,57,MWENGE COUNTY SOUTH
8,NYABUHARWA,48,KYENJOJO,57,MWENGE COUNTY SOUTH
5,NYANKWANZI,48,KYENJOJO,56,MWENGE COUNTY NORTH
3,NYANTUNGO,48,KYENJOJO,57,MWENGE COUNTY SOUTH
1,AGORO,85,LAMWO,92,LAMWO COUNTY
10,LAMWO TOWN COUNCIL,85,LAMWO,92,LAMWO COUNTY
2,LOKUNG,85,LAMWO,92,LAMWO COUNTY
3,MADI‐OPEI,85,LAMWO,92,LAMWO COUNTY
9,OGILI,85,LAMWO,92,LAMWO COUNTY
4,PADIBE EAST,85,LAMWO,92,LAMWO COUNTY
11,PADIBE TOWN COUNCIL,85,LAMWO,92,LAMWO COUNTY
8,PADIBE WEST,85,LAMWO,92,LAMWO COUNTY
5,PALABEK‐GEM,85,LAMWO,92,LAMWO COUNTY
6,PALABEK‐KAL,85,LAMWO,92,LAMWO COUNTY
7,PALOGA,85,LAMWO,92,LAMWO COUNTY
1,ADEKOKWOK,22,LIRA,101,ERUTE COUNTY SOUTH
1,ADYEL,22,LIRA,105,LIRA MUNICIPALITY
4,AGALI,22,LIRA,101,ERUTE COUNTY SOUTH
4,AGWENG,22,LIRA,100,ERUTE COUNTY NORTH
2,AMACH,22,LIRA,101,ERUTE COUNTY SOUTH
1,AROMO,22,LIRA,100,ERUTE COUNTY NORTH
3,BARR,22,LIRA,101,ERUTE COUNTY SOUTH
2,LIRA,22,LIRA,100,ERUTE COUNTY NORTH
2,LIRA CENTRAL,22,LIRA,105,LIRA MUNICIPALITY
5,NGETTA,22,LIRA,101,ERUTE COUNTY SOUTH
3,OGUR,22,LIRA,100,ERUTE COUNTY NORTH
3,OJWINA,22,LIRA,105,LIRA MUNICIPALITY
4,RAILWAYS,22,LIRA,105,LIRA MUNICIPALITY
1,BUKANGA,94,LUUKA,271,LUUKA SOUTH COUNTY
2,BUKOOMA,94,LUUKA,40,LUUKA NORTH COUNTY
3,BULONGO,94,LUUKA,40,LUUKA NORTH COUNTY
4,IKUMBYA,94,LUUKA,40,LUUKA NORTH COUNTY
5,IRONGO,94,LUUKA,271,LUUKA SOUTH COUNTY
8,LUUKA TOWN COUNCIL,94,LUUKA,40,LUUKA NORTH COUNTY
6,NAWAMPITI,94,LUUKA,271,LUUKA SOUTH COUNTY
7,WAIBUGA,94,LUUKA,271,LUUKA SOUTH COUNTY
1,BAMUNANIKA,23,LUWEERO,110,BAMUNANIKA COUNTY
1,BOMBO TOWN COUNCIL,23,LUWEERO,108,KATIKAMU COUNTY SOUTH
1,BUTUNTUMULA,23,LUWEERO,107,KATIKAMU COUNTY NORTH
2,KALAGALA,23,LUWEERO,110,BAMUNANIKA COUNTY
3,KAMIRA,23,LUWEERO,110,BAMUNANIKA COUNTY
2,KATIKAMU,23,LUWEERO,107,KATIKAMU COUNTY NORTH
4,KIKYUSA,23,LUWEERO,110,BAMUNANIKA COUNTY
4,LUWEERO  TOWN COUNCIL,23,LUWEERO,107,KATIKAMU COUNTY NORTH
3,LUWERO,23,LUWEERO,107,KATIKAMU COUNTY NORTH
3,MAKULUBITA,23,LUWEERO,108,KATIKAMU COUNTY SOUTH
4,NYIMBWA,23,LUWEERO,108,KATIKAMU COUNTY SOUTH
5,WOBULENZI TOWN COUNCIL,23,LUWEERO,108,KATIKAMU COUNTY SOUTH
5,ZIROBWE,23,LUWEERO,110,BAMUNANIKA COUNTY
1,KINGO,105,LWENGO,115,BUKOTO COUNTYSOUTH
2,KISEKKA,105,LWENGO,115,BUKOTO COUNTYSOUTH
1,KYAZANGA,105,LWENGO,113,BUKOTO COUNTY WEST
3,KYAZANGA TOWN COUNCIL,105,LWENGO,113,BUKOTO COUNTY WEST
1,LWENGO,105,LWENGO,112,BUKOTO COUNTY MID‐WEST
3,LWENGO TOWN COUNCIL,105,LWENGO,112,BUKOTO COUNTY MID‐WEST
2,MALONGO,105,LWENGO,113,BUKOTO COUNTY WEST
2,NDAGWE,105,LWENGO,112,BUKOTO COUNTY MID‐WEST
1,KALIIRO,80,LYANTONDE,191,KABULA COUNTY
2,KASAGAMA,80,LYANTONDE,191,KABULA COUNTY
3,KINUUKA,80,LYANTONDE,191,KABULA COUNTY
7,LYAKAJURA,80,LYANTONDE,191,KABULA COUNTY
4,LYANTONDE,80,LYANTONDE,191,KABULA COUNTY
5,LYANTONDE TOWN COUNCIL,80,LYANTONDE,191,KABULA COUNTY
6,MPUMUDDE,80,LYANTONDE,191,KABULA COUNTY
5,BUBUTU,67,MANAFWA,127,BUBULO COUNTY EAST
1,BUGOBERO,67,MANAFWA,126,BUBULO COUNTY WEST
14,BUKHABUSI,67,MANAFWA,127,BUBULO COUNTY EAST
15,BUKHAWEKA,67,MANAFWA,127,BUBULO COUNTY EAST
15,BUKHOFU,67,MANAFWA,126,BUBULO COUNTY WEST
13,BUKIABI,67,MANAFWA,127,BUBULO COUNTY EAST
10,BUKOHO,67,MANAFWA,127,BUBULO COUNTY EAST
7,BUKUSU,67,MANAFWA,126,BUBULO COUNTY WEST
3,BUMBO,67,MANAFWA,127,BUBULO COUNTY EAST
2,BUMWONI,67,MANAFWA,127,BUBULO COUNTY EAST
8,BUNABWANA,67,MANAFWA,126,BUBULO COUNTY WEST
4,BUPOTO,67,MANAFWA,127,BUBULO COUNTY EAST
9,BUSUKUYA,67,MANAFWA,126,BUBULO COUNTY WEST
2,BUTIRU,67,MANAFWA,126,BUBULO COUNTY WEST
10,BUTTA,67,MANAFWA,126,BUBULO COUNTY WEST
1,BUWABWALA,67,MANAFWA,127,BUBULO COUNTY EAST
3,BUWAGOGO,67,MANAFWA,126,BUBULO COUNTY WEST
4,KAATO,67,MANAFWA,126,BUBULO COUNTY WEST
11,KHABUTOOLA,67,MANAFWA,126,BUBULO COUNTY WEST
9,LWAKHAKHA TOWN COUNCIL,67,MANAFWA,127,BUBULO COUNTY EAST
6,MAGALE,67,MANAFWA,127,BUBULO COUNTY EAST
6,MANAFWA TOWN COUNCIL,67,MANAFWA,126,BUBULO COUNTY WEST
11,MUKOTO,67,MANAFWA,127,BUBULO COUNTY EAST
13,NALONDO,67,MANAFWA,126,BUBULO COUNTY WEST
7,NAMABYA,67,MANAFWA,127,BUBULO COUNTY EAST
12,NAMBOKO,67,MANAFWA,127,BUBULO COUNTY EAST
5,SIBANGA,67,MANAFWA,126,BUBULO COUNTY WEST
12,SISUNI,67,MANAFWA,126,BUBULO COUNTY WEST
8,TSEKULULU,67,MANAFWA,127,BUBULO COUNTY EAST
14,WESWA,67,MANAFWA,126,BUBULO COUNTY WEST
1,KIJOMORO,77,MARACHA,10,MARACHA COUNTY
8,MARACHA TOWN COUNCIL,77,MARACHA,272,MARACHA EAST COUNTY
2,NYADRI,77,MARACHA,272,MARACHA EAST COUNTY
3,OLEBA,77,MARACHA,272,MARACHA EAST COUNTY
6,OLUFE,77,MARACHA,10,MARACHA COUNTY
4,OLUVU,77,MARACHA,10,MARACHA COUNTY
7,TARA,77,MARACHA,272,MARACHA EAST COUNTY
5,YIVU,77,MARACHA,272,MARACHA EAST COUNTY
1,BUKAKATA,24,MASAKA,114,BUKOTO COUNTY EAST
2,BUWUNGA,24,MASAKA,114,BUKOTO COUNTY EAST
1,KABONERA,24,MASAKA,116,BUKOTO COUNTY CENTRAL
1,KATWE/BUTEGO,24,MASAKA,121,MASAKA MUNICIPALITY
2,KIMAANYA/KYABAKUZA,24,MASAKA,121,MASAKA MUNICIPALITY
2,KYANAMUKAKA,24,MASAKA,116,BUKOTO COUNTY CENTRAL
3,KYESIIGA,24,MASAKA,116,BUKOTO COUNTY CENTRAL
3,MUKUNGWE,24,MASAKA,114,BUKOTO COUNTY EAST
3,NYENDO/SENYANGE,24,MASAKA,121,MASAKA MUNICIPALITY
1,BUDONGO,25,MASINDI,122,BUJENJE COUNTY
2,BWIJANGA,25,MASINDI,122,BUJENJE COUNTY
3,CENTRAL DIVISION,25,MASINDI,230,MASINDI MUNICIPALITY
1,KARUJUBU DIVISION,25,MASINDI,230,MASINDI MUNICIPALITY
4,KIGULYA DIVISION,25,MASINDI,230,MASINDI MUNICIPALITY
2,KIMENGO,25,MASINDI,124,BURULI COUNTY
4,MIIRYA,25,MASINDI,124,BURULI COUNTY
2,NYANGAHYA DIVISION,25,MASINDI,230,MASINDI MUNICIPALITY
6,PAKANYI,25,MASINDI,124,BURULI COUNTY
1,BAITAMBOGWE,49,MAYUGE,36,BUNYA COUNTY WEST
3,BUKABOOLI,49,MAYUGE,34,BUNYA COUNTY EAST
4,BUKATUBE,49,MAYUGE,36,BUNYA COUNTY WEST
4,BUSAKIRA,49,MAYUGE,35,BUNYA COUNTY SOUTH
1,BUWAAYA,49,MAYUGE,34,BUNYA COUNTY EAST
2,IMANYIRO,49,MAYUGE,36,BUNYA COUNTY WEST
3,JAGUZI,49,MAYUGE,35,BUNYA COUNTY SOUTH
2,KIGANDALO,49,MAYUGE,34,BUNYA COUNTY EAST
1,KITYERERA,49,MAYUGE,35,BUNYA COUNTY SOUTH
2,MALONGO,49,MAYUGE,35,BUNYA COUNTY SOUTH
3,MAYUGE TOWN COUNCIL,49,MAYUGE,36,BUNYA COUNTY WEST
4,MPUNGWE,49,MAYUGE,34,BUNYA COUNTY EAST
5,WAIRASA,49,MAYUGE,36,BUNYA COUNTY WEST
6,BUBYANGU,26,MBALE,131,BUNGOKHO COUNTY NORTH
7,BUDWALE,26,MBALE,131,BUNGOKHO COUNTY NORTH
1,BUFUMBO,26,MBALE,131,BUNGOKHO COUNTY NORTH
7,BUKASAKYA,26,MBALE,132,BUNGOKHO COUNTY SOUTH
1,BUKHIENDE,26,MBALE,132,BUNGOKHO COUNTY SOUTH
2,BUKONDE,26,MBALE,131,BUNGOKHO COUNTY NORTH
8,BUMASIKYE,26,MBALE,132,BUNGOKHO COUNTY SOUTH
11,BUMBOBI,26,MBALE,132,BUNGOKHO COUNTY SOUTH
2,BUNGOKHO,26,MBALE,132,BUNGOKHO COUNTY SOUTH
3,BUSANO,26,MBALE,132,BUNGOKHO COUNTY SOUTH
4,BUSIU,26,MBALE,132,BUNGOKHO COUNTY SOUTH
5,BUSOBA,26,MBALE,132,BUNGOKHO COUNTY SOUTH
1,INDUSTRIAL BOROUGH,26,MBALE,134,MBALE MUNICIPALITY
9,LUKHONGE,26,MBALE,132,BUNGOKHO COUNTY SOUTH
8,LWASSO,26,MBALE,131,BUNGOKHO COUNTY NORTH
3,NAKALOKE,26,MBALE,131,BUNGOKHO COUNTY NORTH
9,NAKALOKE TOWN COUNCIL,26,MBALE,131,BUNGOKHO COUNTY NORTH
4,NAMANYONYI,26,MBALE,131,BUNGOKHO COUNTY NORTH
6,NAMBALE,26,MBALE,132,BUNGOKHO COUNTY SOUTH
2,NORTHERN BOROUGH,26,MBALE,134,MBALE MUNICIPALITY
10,NYONDO,26,MBALE,132,BUNGOKHO COUNTY SOUTH
5,WANALE,26,MBALE,131,BUNGOKHO COUNTY NORTH
3,WANALE BOROUGH,26,MBALE,134,MBALE MUNICIPALITY
9,BIHARWE,27,MBARARA,144,MBARARA MUNICIPALITY
1,BUBAARE,27,MBARARA,259,KASHARI SOUTH COUNTY
1,BUGAMBA,27,MBARARA,143,RWAMPARA COUNTY
2,BUKIIRO,27,MBARARA,259,KASHARI SOUTH COUNTY
3,KAGONGI,27,MBARARA,140,KASHARI NORTH COUNTY
4,KAKIIKA,27,MBARARA,144,MBARARA MUNICIPALITY
1,KAKOBA,27,MBARARA,144,MBARARA MUNICIPALITY
2,KAMUKUZI,27,MBARARA,144,MBARARA MUNICIPALITY
5,KASHARE,27,MBARARA,140,KASHARI NORTH COUNTY
3,MWIZI,27,MBARARA,143,RWAMPARA COUNTY
4,NDEIJA,27,MBARARA,143,RWAMPARA COUNTY
5,NYAKAYOJO,27,MBARARA,144,MBARARA MUNICIPALITY
3,NYAMITANGA,27,MBARARA,144,MBARARA MUNICIPALITY
6,RUBAYA,27,MBARARA,259,KASHARI SOUTH COUNTY
7,RUBINDI,27,MBARARA,140,KASHARI NORTH COUNTY
6,RUGANDO,27,MBARARA,143,RWAMPARA COUNTY
8,RWANYAMAHEMBE,27,MBARARA,259,KASHARI SOUTH COUNTY
1,BITEREKO,106,MITOOMA,277,RUHINDA NORTH COUNTY
11,COUNCIL,106,MITOOMA,20,RUHINDA COUNTY
2,KABIRA,106,MITOOMA,20,RUHINDA COUNTY
3,KANYABWANGA,106,MITOOMA,277,RUHINDA NORTH COUNTY
4,KASHENSHERO,106,MITOOMA,20,RUHINDA COUNTY
8,KATENGA,106,MITOOMA,20,RUHINDA COUNTY
5,KIYANGA,106,MITOOMA,277,RUHINDA NORTH COUNTY
9,MAYANGA,106,MITOOMA,20,RUHINDA COUNTY
6,MITOOMA,106,MITOOMA,20,RUHINDA COUNTY
12,MITOOMA TOWN COUNCIL,106,MITOOMA,20,RUHINDA COUNTY
7,MUTARA,106,MITOOMA,20,RUHINDA COUNTY
10,RUREHE,106,MITOOMA,20,RUHINDA COUNTY
5,BBANDA,68,MITYANA,165,BUSUJJU COUNTY
1,BULERA,68,MITYANA,169,MITYANA COUNTY NORTH
1,BUSIMBI DIVISION,68,MITYANA,289,MITYANA MUNICIPALITY
1,BUTAYUNJA,68,MITYANA,165,BUSUJJU COUNTY
2,CENTRAL DIVISION,68,MITYANA,289,MITYANA MUNICIPALITY
2,KAKINDU,68,MITYANA,165,BUSUJJU COUNTY
3,KALANGAALO,68,MITYANA,169,MITYANA COUNTY NORTH
2,KIKANDWA,68,MITYANA,169,MITYANA COUNTY NORTH
3,MAANYI,68,MITYANA,165,BUSUJJU COUNTY
4,MALANGALA,68,MITYANA,165,BUSUJJU COUNTY
4,NAMUNGO,68,MITYANA,170,MITYANA COUNTY SOUTH
3,SSEKANYONYI,68,MITYANA,170,MITYANA COUNTY SOUTH
3,TTAMU DIVISION,68,MITYANA,289,MITYANA MUNICIPALITY
1,KATIKEKILE,28,MOROTO,278,TEPETH COUNTY
2,NADUNGET,28,MOROTO,147,MATHENIKO COUNTY
1,NORTH DIVISION,28,MOROTO,150,MOROTO MUNICIPALITY
3,RUPA,28,MOROTO,147,MATHENIKO COUNTY
2,SOUTH DIVISION,28,MOROTO,150,MOROTO MUNICIPALITY
4,TAPAC,28,MOROTO,278,TEPETH COUNTY
1,ALIBA,29,MOYO,152,OBONGI COUNTY
1,DUFILE,29,MOYO,153,WEST MOYO COUNTY
2,GIMARA,29,MOYO,152,OBONGI COUNTY
3,ITULA,29,MOYO,152,OBONGI COUNTY
6,LAROPI,29,MOYO,153,WEST MOYO COUNTY
2,LEFORI,29,MOYO,153,WEST MOYO COUNTY
3,METU,29,MOYO,153,WEST MOYO COUNTY
4,MOYO,29,MOYO,153,WEST MOYO COUNTY
5,MOYO TOWN COUNCIL,29,MOYO,153,WEST MOYO COUNTY
1,BUWAMA,30,MPIGI,163,MAWOKOTA COUNTY SOUTH
1,KAMMENGO,30,MPIGI,162,MAWOKOTA COUNTY NORTH
2,KIRINGENTE,30,MPIGI,162,MAWOKOTA COUNTY NORTH
2,KITUNTU,30,MPIGI,163,MAWOKOTA COUNTY SOUTH
4,MPIGI TOWN COUNCIL,30,MPIGI,162,MAWOKOTA COUNTY NORTH
5,MUDUMA,30,MPIGI,162,MAWOKOTA COUNTY NORTH
3,NKOZI,30,MPIGI,163,MAWOKOTA COUNTY SOUTH
1,BAGEZZA,31,MUBENDE,221,KASAMBYA COUNTY
1,BUKUYA,31,MUBENDE,246,BUKUYA COUNTY
2,BUTOLOOGO,31,MUBENDE,166,BUWEKULA COUNTY
1,EAST DIVISION,31,MUBENDE,290,MUBENDE MUNICIPALITY
3,KALWANA,31,MUBENDE,167,KASSANDA COUNTY NORTH
3,KASAMBYA,31,MUBENDE,221,KASAMBYA COUNTY
2,KASSANDA,31,MUBENDE,167,KASSANDA COUNTY NORTH
2,KIBALINGA,31,MUBENDE,221,KASAMBYA COUNTY
1,KIGANDA,31,MUBENDE,168,KASSANDA COUNTY SOUTH
8,KIGANDO,31,MUBENDE,221,KASAMBYA COUNTY
4,KITENGA,31,MUBENDE,166,BUWEKULA COUNTY
4,KITUMBI,31,MUBENDE,246,BUKUYA COUNTY
5,KIYUNI,31,MUBENDE,166,BUWEKULA COUNTY
6,MADUDU,31,MUBENDE,166,BUWEKULA COUNTY
5,MAKOKOTO,31,MUBENDE,246,BUKUYA COUNTY
3,MANYOGASEKA,31,MUBENDE,168,KASSANDA COUNTY SOUTH
2,MYANZI,31,MUBENDE,168,KASSANDA COUNTY SOUTH
9,NABINGOOLA,31,MUBENDE,221,KASAMBYA COUNTY
4,NALUTUNTU,31,MUBENDE,168,KASSANDA COUNTY SOUTH
2,SOUTH DIVISION,31,MUBENDE,290,MUBENDE MUNICIPALITY
3,WEST DIVISION,31,MUBENDE,290,MUBENDE MUNICIPALITY
1,GOMA DIVISION,32,MUKONO,231,MUKONO MUNICIPALITY
1,KASAWO,32,MUKONO,178,NAKIFUMA COUNTY
2,KIMENYEDDE,32,MUKONO,178,NAKIFUMA COUNTY
1,KOOME ISLANDS,32,MUKONO,177,MUKONO COUNTY SOUTH
2,KYAMPISI,32,MUKONO,176,MUKONO COUNTY NORTH
5,MPATTA,32,MUKONO,177,MUKONO COUNTY SOUTH
4,MPUNGE,32,MUKONO,177,MUKONO COUNTY SOUTH
3,MUKONO DIVISION,32,MUKONO,231,MUKONO MUNICIPALITY
3,NABBALE,32,MUKONO,178,NAKIFUMA COUNTY
4,NAGOJJE,32,MUKONO,178,NAKIFUMA COUNTY
2,NAKISUNGA,32,MUKONO,177,MUKONO COUNTY SOUTH
4,NAMA,32,MUKONO,176,MUKONO COUNTY NORTH
5,NAMUGANGA,32,MUKONO,178,NAKIFUMA COUNTY
3,NTENJERU,32,MUKONO,177,MUKONO COUNTY SOUTH
6,NTUNDA,32,MUKONO,178,NAKIFUMA COUNTY
3,COUNCIL,56,NAKAPIRIPIRIT,146,CHEKWII COUNTY (KADAM)
1,KAKOMONGOLE,56,NAKAPIRIPIRIT,146,CHEKWII COUNTY (KADAM)
1,LOLACHAT,56,NAKAPIRIPIRIT,148,PIAN COUNTY
5,LOREGAE,56,NAKAPIRIPIRIT,146,CHEKWII COUNTY (KADAM)
2,LORENGEDWAT,56,NAKAPIRIPIRIT,148,PIAN COUNTY
2,MORUITA,56,NAKAPIRIPIRIT,146,CHEKWII COUNTY (KADAM)
3,NABILATUK,56,NAKAPIRIPIRIT,148,PIAN COUNTY
4,NAMALU,56,NAKAPIRIPIRIT,146,CHEKWII COUNTY (KADAM)
9,COUNC,69,NAKASEKE,223,NAKASEKE NORTH COUNTY
1,KAASANGOMBE,69,NAKASEKE,109,NAKASEKE SOUTH COUNTY
2,KAPEEKA,69,NAKASEKE,109,NAKASEKE SOUTH COUNTY
3,KIKAMULO,69,NAKASEKE,223,NAKASEKE NORTH COUNTY
14,KINONI,69,NAKASEKE,223,NAKASEKE NORTH COUNTY
8,KINYOGOGA,69,NAKASEKE,223,NAKASEKE NORTH COUNTY
15,KITTO,69,NAKASEKE,223,NAKASEKE NORTH COUNTY
12,KIWOKO TOWN COUNCIL,69,NAKASEKE,223,NAKASEKE NORTH COUNTY
4,NAKASEKE,69,NAKASEKE,109,NAKASEKE SOUTH COUNTY
10,NAKASEKE TOWN COUNCIL,69,NAKASEKE,109,NAKASEKE SOUTH COUNTY
5,NGOMA,69,NAKASEKE,223,NAKASEKE NORTH COUNTY
13,NGOMA TOWN COUNCIL,69,NAKASEKE,223,NAKASEKE NORTH COUNTY
6,SEMUTO,69,NAKASEKE,109,NAKASEKE SOUTH COUNTY
11,SEMUTO TOWN COUNCIL,69,NAKASEKE,109,NAKASEKE SOUTH COUNTY
7,WAKYATO,69,NAKASEKE,223,NAKASEKE NORTH COUNTY
6,COUNCIL,44,NAKASONGOLA,106,NAKASONGOLA COUNTY
1,KAKOOGE,44,NAKASONGOLA,106,NAKASONGOLA COUNTY
3,KAKOOGE TOWN COUNCIL,44,NAKASONGOLA,106,NAKASONGOLA COUNTY
7,KALONGO,44,NAKASONGOLA,106,NAKASONGOLA COUNTY
2,KALUNGI,44,NAKASONGOLA,106,NAKASONGOLA COUNTY
3,LWAMPANGA,44,NAKASONGOLA,218,BUDYEBO COUNTY
1,MIGYERA TOWN COUNCIL,44,NAKASONGOLA,218,BUDYEBO COUNTY
4,NABISWERA,44,NAKASONGOLA,218,BUDYEBO COUNTY
9,NAKITOMA,44,NAKASONGOLA,218,BUDYEBO COUNTY
8,RWABYATA,44,NAKASONGOLA,218,BUDYEBO COUNTY
5,WABINYONYI,44,NAKASONGOLA,106,NAKASONGOLA COUNTY
1,BANDA,95,NAMAYINGO,33,BUKOOLI SOUTH COUNTY
6,BUHEMBA,95,NAMAYINGO,33,BUKOOLI SOUTH COUNTY
1,BUKANA,95,NAMAYINGO,235,BUKOOLI ISLAND COUNTY
2,BUSWALE,95,NAMAYINGO,33,BUKOOLI SOUTH COUNTY
3,BUYINJA,95,NAMAYINGO,33,BUKOOLI SOUTH COUNTY
2,LOLWE,95,NAMAYINGO,235,BUKOOLI ISLAND COUNTY
5,MUTUMBA,95,NAMAYINGO,33,BUKOOLI SOUTH COUNTY
7,NAMAYINGO TOWN COUNCIL,95,NAMAYINGO,33,BUKOOLI SOUTH COUNTY
4,SIGULU ISLANDS,95,NAMAYINGO,235,BUKOOLI ISLAND COUNTY
1,BULANGE,75,NAMUTUMBA,37,BUSIKI COUNTY
2,IVUKULA,75,NAMUTUMBA,245,BUKONO COUNTY
3,KIBAALE,75,NAMUTUMBA,245,BUKONO COUNTY
4,MAGADA,75,NAMUTUMBA,37,BUSIKI COUNTY
5,NAMUTUMBA,75,NAMUTUMBA,37,BUSIKI COUNTY
7,NAMUTUMBA TOWN COUNCIL,75,NAMUTUMBA,37,BUSIKI COUNTY
6,NSINZE,75,NAMUTUMBA,37,BUSIKI COUNTY
1,IRIIRI,107,NAPAK,145,BOKORA COUNTY
2,LOKOPO,107,NAPAK,145,BOKORA COUNTY
3,LOPEI,107,NAPAK,145,BOKORA COUNTY
7,LORENGECORA,107,NAPAK,145,BOKORA COUNTY
4,LOTOME,107,NAPAK,145,BOKORA COUNTY
5,MATANY,107,NAPAK,145,BOKORA COUNTY
8,NAPAK TOWN COUNCIL,107,NAPAK,145,BOKORA COUNTY
6,NGOLERIET,107,NAPAK,145,BOKORA COUNTY
1,AKWORO,33,NEBBI,183,PADYERE COUNTY
6,ALWI,33,NEBBI,181,JONAM COUNTY
8,ATEGO,33,NEBBI,183,PADYERE COUNTY
2,ERUSSI,33,NEBBI,183,PADYERE COUNTY
3,KUCWINY,33,NEBBI,183,PADYERE COUNTY
9,NDHEW,33,NEBBI,183,PADYERE COUNTY
4,NEBBI,33,NEBBI,183,PADYERE COUNTY
5,NEBBI TOWN COUNCIL,33,NEBBI,183,PADYERE COUNTY
6,NYARAVUR,33,NEBBI,183,PADYERE COUNTY
1,PAKWACH,33,NEBBI,181,JONAM COUNTY
2,PAKWACH TOWN COUNCIL,33,NEBBI,181,JONAM COUNTY
3,PANYANGO,33,NEBBI,181,JONAM COUNTY
4,PANYIMUR,33,NEBBI,181,JONAM COUNTY
7,PAROMBO,33,NEBBI,183,PADYERE COUNTY
5,WADELAI,33,NEBBI,181,JONAM COUNTY
1,KAPIR,108,NGORA,98,NGORA COUNTY
2,KOBWIN,108,NGORA,98,NGORA COUNTY
3,MUKURA,108,NGORA,98,NGORA COUNTY
4,NGORA,108,NGORA,98,NGORA COUNTY
5,NGORA TOWN COUNCIL,108,NGORA,98,NGORA COUNTY
4,BUTUNGAMA,96,NTOROKO,15,NTOROKO COUNTY
5,BWERAMULE,96,NTOROKO,15,NTOROKO COUNTY
1,KANARA,96,NTOROKO,15,NTOROKO COUNTY
8,KANARA TOWN COUNCIL,96,NTOROKO,15,NTOROKO COUNTY
2,KARUGUTU,96,NTOROKO,15,NTOROKO COUNTY
9,KARUGUTU TOWN COUNCIL,96,NTOROKO,15,NTOROKO COUNTY
6,KIBUUKU TOWN COUNCIL,96,NTOROKO,15,NTOROKO COUNTY
7,NOMBE,96,NTOROKO,15,NTOROKO COUNTY
3,RWEBISENGO,96,NTOROKO,15,NTOROKO COUNTY
10,RWEBISENGO TOWN COUNCIL,96,NTOROKO,15,NTOROKO COUNTY
1,BWONGYERA,34,NTUNGAMO,184,KAJARA COUNTY
2,CENTRAL DIVISION,34,NTUNGAMO,232,NTUNGAMO MUNICIPALITY
5,COUNCIL,34,NTUNGAMO,184,KAJARA COUNTY
1,EASTERN DIVISION,34,NTUNGAMO,232,NTUNGAMO MUNICIPALITY
2,IHUNGA,34,NTUNGAMO,184,KAJARA COUNTY
7,ITOJO,34,NTUNGAMO,185,RUHAAMA COUNTY
1,KAYONZA,34,NTUNGAMO,186,RUSHENYI COUNTY
3,KIBATSI,34,NTUNGAMO,184,KAJARA COUNTY
2,KITWE TOWN COUNCIL,34,NTUNGAMO,185,RUHAAMA COUNTY
2,NGOMA,34,NTUNGAMO,186,RUSHENYI COUNTY
1,NTUNGAMO,34,NTUNGAMO,185,RUHAAMA COUNTY
4,NYABIHOKO,34,NTUNGAMO,184,KAJARA COUNTY
3,NYAKYERA,34,NTUNGAMO,185,RUHAAMA COUNTY
3,RUBAARE,34,NTUNGAMO,186,RUSHENYI COUNTY
5,RUBAARE TOWN COUNCIL,34,NTUNGAMO,186,RUSHENYI COUNTY
4,RUGARAMA,34,NTUNGAMO,186,RUSHENYI COUNTY
4,RUHAAMA,34,NTUNGAMO,185,RUHAAMA COUNTY
8,RUKONI EAST,34,NTUNGAMO,185,RUHAAMA COUNTY
5,RUKONI WEST,34,NTUNGAMO,185,RUHAAMA COUNTY
6,RWEIKINIRO,34,NTUNGAMO,185,RUHAAMA COUNTY
3,WESTERN DIVISION,34,NTUNGAMO,232,NTUNGAMO MUNICIPALITY
1,ALERO,110,NWOYA,25,NWOYA COUNTY
2,ANAKA (PAYIRA),110,NWOYA,25,NWOYA COUNTY
6,GOT APWOYO,110,NWOYA,25,NWOYA COUNTY
3,KOCH‐GOMA,110,NWOYA,25,NWOYA COUNTY
7,LII,110,NWOYA,25,NWOYA COUNTY
8,LUNGULU,110,NWOYA,25,NWOYA COUNTY
5,NWOYA TOWN COUNCIL,110,NWOYA,25,NWOYA COUNTY
4,PURONGO,110,NWOYA,25,NWOYA COUNTY
1,ADWARI,86,OTUKE,104,OTUKE COUNTY
5,OGOR,86,OTUKE,104,OTUKE COUNTY
2,OKWANG,86,OTUKE,104,OTUKE COUNTY
3,OLILIM,86,OTUKE,104,OTUKE COUNTY
4,ORUM,86,OTUKE,104,OTUKE COUNTY
6,OTUKE TOWN COUNCIL,86,OTUKE,104,OTUKE COUNTY
1,ABER,76,OYAM,5,OYAM COUNTY SOUTH
7,ABOK,76,OYAM,4,OYAM COUNTY NORTH
1,ACHABA,76,OYAM,4,OYAM COUNTY NORTH
6,ALEKA,76,OYAM,4,OYAM COUNTY NORTH
2,ICHEME,76,OYAM,4,OYAM COUNTY NORTH
4,KAMDINI,76,OYAM,5,OYAM COUNTY SOUTH
2,LORO,76,OYAM,5,OYAM COUNTY SOUTH
3,MINAKULU,76,OYAM,5,OYAM COUNTY SOUTH
5,MYENE,76,OYAM,5,OYAM COUNTY SOUTH
3,NGAI,76,OYAM,4,OYAM COUNTY NORTH
4,OTWAL,76,OYAM,4,OYAM COUNTY NORTH
5,OYAM TOWN COUNCIL,76,OYAM,4,OYAM COUNTY NORTH
1,ACHOLI‐BUR,50,PADER,243,ARUU NORTH COUNTY
10,ANGAGURA,50,PADER,243,ARUU NORTH COUNTY
2,ATANGA,50,PADER,243,ARUU NORTH COUNTY
3,AWERE,50,PADER,90,ARUU COUNTY
6,LAGUTI,50,PADER,243,ARUU NORTH COUNTY
9,LAPUL,50,PADER,243,ARUU NORTH COUNTY
11,LATANYA,50,PADER,243,ARUU NORTH COUNTY
12,OGOM,50,PADER,90,ARUU COUNTY
4,PADER,50,PADER,90,ARUU COUNTY
8,PADER TOWN COUNCIL,50,PADER,90,ARUU COUNTY
5,PAJULE,50,PADER,243,ARUU NORTH COUNTY
7,PURANGA,50,PADER,90,ARUU COUNTY
1,AGULE,35,PALLISA,234,AGULE COUNTY
10,AKISIM,35,PALLISA,234,AGULE COUNTY
2,APOPONG,35,PALLISA,234,AGULE COUNTY
1,BUTEBO,35,PALLISA,188,BUTEBO COUNTY
11,CHELEKURA,35,PALLISA,234,AGULE COUNTY
3,GOGONYO,35,PALLISA,234,AGULE COUNTY
2,KABWANGASI,35,PALLISA,188,BUTEBO COUNTY
3,KAKORO,35,PALLISA,188,BUTEBO COUNTY
4,KAMEKE,35,PALLISA,234,AGULE COUNTY
9,KAMUGE,35,PALLISA,190,PALLISA COUNTY
6,KANGINIMA,35,PALLISA,188,BUTEBO COUNTY
5,KASODO,35,PALLISA,190,PALLISA COUNTY
4,KIBALE,35,PALLISA,261,KIBALE COUNTY
12,OLOK,35,PALLISA,190,PALLISA COUNTY
7,OPWATETA,35,PALLISA,261,KIBALE COUNTY
6,PALLISA,35,PALLISA,190,PALLISA COUNTY
7,PALLISA TOWN COUNCIL,35,PALLISA,190,PALLISA COUNTY
5,PETETE,35,PALLISA,188,BUTEBO COUNTY
8,PUTI‐PUTI,35,PALLISA,190,PALLISA COUNTY
1,BYAKABANDA,36,RAKAI,193,KOOKI COUNTY
2,DDWANIRO,36,RAKAI,249,BUYAMBA COUNTY
1,KABIRA,36,RAKAI,194,KYOTERA COUNTY
3,KACHEERA,36,RAKAI,249,BUYAMBA COUNTY
4,KAGAMBA (BUYAMBA),36,RAKAI,249,BUYAMBA COUNTY
1,KAKUUTO,36,RAKAI,192,KAKUUTO COUNTY
2,KALISIZO,36,RAKAI,194,KYOTERA COUNTY
8,KALISIZO TOWN COUNCIL,36,RAKAI,194,KYOTERA COUNTY
3,KASAALI,36,RAKAI,194,KYOTERA COUNTY
2,KASASA,36,RAKAI,192,KAKUUTO COUNTY
3,KIBANDA,36,RAKAI,192,KAKUUTO COUNTY
4,KIFAMBA,36,RAKAI,192,KAKUUTO COUNTY
4,KIRUMBA,36,RAKAI,194,KYOTERA COUNTY
9,KIZIBA,36,RAKAI,193,KOOKI COUNTY
5,KYALULANGIRA,36,RAKAI,193,KOOKI COUNTY
5,KYEBE,36,RAKAI,192,KAKUUTO COUNTY
5,KYOTERA TOWN COUNCIL,36,RAKAI,194,KYOTERA COUNTY
6,LWAMAGGWA,36,RAKAI,249,BUYAMBA COUNTY
7,LWANDA,36,RAKAI,193,KOOKI COUNTY
6,LWANKONI,36,RAKAI,194,KYOTERA COUNTY
7,NABIGASA,36,RAKAI,194,KYOTERA COUNTY
8,RAKAI TOWN COUNCIL,36,RAKAI,193,KOOKI COUNTY
6,KATANDA,112,RUBIRIZI,222,KATERERA COUNTY
1,KATERERA,112,RUBIRIZI,222,KATERERA COUNTY
9,KATERERA TOWN COUNCIL,112,RUBIRIZI,222,KATERERA COUNTY
2,KATUNGURU,112,RUBIRIZI,17,BUNYARUGURU COUNTY
3,KICHWAMBA,112,RUBIRIZI,17,BUNYARUGURU COUNTY
10,KIRUGU,112,RUBIRIZI,222,KATERERA COUNTY
7,KYABAKARA,112,RUBIRIZI,222,KATERERA COUNTY
5,MAGAMBO,112,RUBIRIZI,17,BUNYARUGURU COUNTY
1,RUBIRIZI TOWN COUNCIL,112,RUBIRIZI,17,BUNYARUGURU COUNTY
8,RUTOTO,112,RUBIRIZI,17,BUNYARUGURU COUNTY
4,RYERU,112,RUBIRIZI,17,BUNYARUGURU COUNTY
1,BUGANGARI,37,RUKUNGIRI,198,RUJUMBURA COUNTY
2,BUHUNGA,37,RUKUNGIRI,198,RUJUMBURA COUNTY
1,BUYANJA,37,RUKUNGIRI,197,RUBABO COUNTY
3,BWAMBARA,37,RUKUNGIRI,198,RUJUMBURA COUNTY
1,EASTERN DIVISION,37,RUKUNGIRI,233,RUKUNGIRI MUNICIPALITY
2,KEBISONI,37,RUKUNGIRI,197,RUBABO COUNTY
5,NYAKAGYEME,37,RUKUNGIRI,198,RUJUMBURA COUNTY
3,NYAKISHENYI,37,RUKUNGIRI,197,RUBABO COUNTY
4,NYARUSHANJE,37,RUKUNGIRI,197,RUBABO COUNTY
6,RUHINDA,37,RUKUNGIRI,198,RUJUMBURA COUNTY
2,SOUTHERN DIVISION,37,RUKUNGIRI,233,RUKUNGIRI MUNICIPALITY
3,WESTERN DIVISION,37,RUKUNGIRI,233,RUKUNGIRI MUNICIPALITY
1,ATIIRA,97,SERERE,204,SERERE COUNTY
1,BUGONDO,97,SERERE,203,KASILO COUNTY
2,KADUNGULU,97,SERERE,203,KASILO COUNTY
5,KASILO TOWN COUNCIL,97,SERERE,203,KASILO COUNTY
2,KATETA,97,SERERE,204,SERERE COUNTY
3,KYERE,97,SERERE,204,SERERE COUNTY
4,LABOR,97,SERERE,203,KASILO COUNTY
3,PINGIRE,97,SERERE,203,KASILO COUNTY
5,SERERE TOWN COUNCIL,97,SERERE,204,SERERE COUNTY
4,SERERE/OLIO,97,SERERE,204,SERERE COUNTY
5,BUGONGI TOWN COUNCIL,101,SHEEMA,22,SHEEMA COUNTY SOUTH
4,COUNCIL,101,SHEEMA,21,SHEEMA COUNTY NORTH
1,KAGANGO,101,SHEEMA,21,SHEEMA COUNTY NORTH
4,KASAANA,101,SHEEMA,22,SHEEMA COUNTY SOUTH
1,KASHOZI,101,SHEEMA,22,SHEEMA COUNTY SOUTH
2,KIGARAMA,101,SHEEMA,21,SHEEMA COUNTY NORTH
2,KITAGATA,101,SHEEMA,22,SHEEMA COUNTY SOUTH
3,KYANGYENYI,101,SHEEMA,21,SHEEMA COUNTY NORTH
5,MASHERUKA,101,SHEEMA,21,SHEEMA COUNTY NORTH
6,RUGARAMA,101,SHEEMA,22,SHEEMA COUNTY SOUTH
6,SHEEMA TOWN COUNCIL,101,SHEEMA,21,SHEEMA COUNTY NORTH
3,SHUUKU,101,SHEEMA,22,SHEEMA COUNTY SOUTH
9,BUDADIRI TOWN COUNCIL,51,SIRONKO,128,BUDADIRI COUNTY EAST
6,BUGITIMWA,51,SIRONKO,128,BUDADIRI COUNTY EAST
1,BUHUGU,51,SIRONKO,128,BUDADIRI COUNTY EAST
4,BUKHULO,51,SIRONKO,129,BUDADIRI COUNTY  WEST
10,BUKIISE,51,SIRONKO,128,BUDADIRI COUNTY EAST
6,BUKIYI,51,SIRONKO,129,BUDADIRI COUNTY  WEST
7,BUKYABO,51,SIRONKO,128,BUDADIRI COUNTY EAST
11,BUKYAMBI,51,SIRONKO,128,BUDADIRI COUNTY EAST
12,BUMALIMBA,51,SIRONKO,128,BUDADIRI COUNTY EAST
2,BUMASIFWA,51,SIRONKO,128,BUDADIRI COUNTY EAST
7,BUNYAFWA,51,SIRONKO,129,BUDADIRI COUNTY  WEST
3,BUSULANI,51,SIRONKO,128,BUDADIRI COUNTY EAST
4,BUTANDIGA,51,SIRONKO,128,BUDADIRI COUNTY EAST
3,BUTEZA,51,SIRONKO,129,BUDADIRI COUNTY  WEST
1,BUWALASI,51,SIRONKO,129,BUDADIRI COUNTY  WEST
8,BUWASA,51,SIRONKO,129,BUDADIRI COUNTY  WEST
2,BUYOBO,51,SIRONKO,129,BUDADIRI COUNTY  WEST
8,MASABA,51,SIRONKO,128,BUDADIRI COUNTY EAST
9,NALUSALA,51,SIRONKO,129,BUDADIRI COUNTY  WEST
5,SIRONKO TOWN COUNCIL,51,SIRONKO,129,BUDADIRI COUNTY  WEST
5,ZESUI,51,SIRONKO,128,BUDADIRI COUNTY EAST
1,ARAPAI,38,SOROTI,251,DAKABELA COUNTY
2,ASURET,38,SOROTI,205,SOROTI COUNTY
1,EASTERN,38,SOROTI,207,SOROTI MUNICIPALITY
3,GWERI,38,SOROTI,205,SOROTI COUNTY
4,KAMUDA,38,SOROTI,205,SOROTI COUNTY
5,KATINE,38,SOROTI,251,DAKABELA COUNTY
2,NORTHERN,38,SOROTI,207,SOROTI MUNICIPALITY
6,SOROTI,38,SOROTI,205,SOROTI COUNTY
7,TUBUR,38,SOROTI,251,DAKABELA COUNTY
3,WESTERN,38,SOROTI,207,SOROTI MUNICIPALITY
1,LUGUSULU,45,SSEMBABULE,273,MAWOGOLA NORTH COUNTY
2,LWEBITAKULI,45,SSEMBABULE,120,MAWOGOLA COUNTY
1,LWEMIYAGA,45,SSEMBABULE,119,LWEMIYAGA COUNTY
3,MATEETE,45,SSEMBABULE,120,MAWOGOLA COUNTY
6,MATEETE TOWN COUNCIL,45,SSEMBABULE,120,MAWOGOLA COUNTY
4,MIJWALA,45,SSEMBABULE,273,MAWOGOLA NORTH COUNTY
2,NTUUSI,45,SSEMBABULE,119,LWEMIYAGA COUNTY
5,SSEMBABULE TOWN COUNCIL,45,SSEMBABULE,273,MAWOGOLA NORTH COUNTY
1,IYOLWA,39,TORORO,210,SOUTH
1,KIREWA,39,TORORO,209,NORTH
2,KISOKO,39,TORORO,209,NORTH
1,KWAPA,39,TORORO,213,TORORO COUNTY
5,MAGOLA,39,TORORO,210,SOUTH
7,MALABA TOWN COUNCIL,39,TORORO,213,TORORO COUNTY
5,MELLA,39,TORORO,213,TORORO COUNTY
6,MERIKIT,39,TORORO,281,TORORO NORTH COUNTY
2,MOLO,39,TORORO,281,TORORO NORTH COUNTY
3,MUKUJU,39,TORORO,281,TORORO NORTH COUNTY
2,MULANDA,39,TORORO,210,SOUTH
3,NABUYOGA,39,TORORO,210,SOUTH
3,NAGONGERA,39,TORORO,209,NORTH
6,NAGONGERA TOWN COUNCIL,39,TORORO,209,NORTH
4,OSUKURU,39,TORORO,213,TORORO COUNTY
4,PAYA,39,TORORO,209,NORTH
5,PETTA,39,TORORO,209,NORTH
4,RUBONGI,39,TORORO,210,SOUTH
7,SOPSOP,39,TORORO,209,NORTH
1,TORORO EASTERN,39,TORORO,214,TORORO MUNICIPALITY
2,TORORO WESTERN,39,TORORO,214,TORORO MUNICIPALITY
2,BUNAMWAYA DIVISION,52,WAKISO,161,MUNICIPALITY
4,BUSSI,52,WAKISO,156,BUSIRO COUNTY SOUTH
2,BUSUKUMA DIVISION,52,WAKISO,160,NANSANA MUNICIPALITY
2,BWEYOGERERE DIVISION,52,WAKISO,284,KIRA MUNICIPALITY
1,DIVISION A,52,WAKISO,164,ENTEBBE MUNICIPALITY
2,DIVISION B,52,WAKISO,164,ENTEBBE MUNICIPALITY
1,GOMBE DIVISION,52,WAKISO,160,NANSANA MUNICIPALITY
1,KAKIRI,52,WAKISO,155,BUSIRO COUNTY NORTH
4,KAKIRI TOWN COUNCIL,52,WAKISO,155,BUSIRO COUNTY NORTH
1,KASANJE,52,WAKISO,156,BUSIRO COUNTY SOUTH
2,KATABI,52,WAKISO,156,BUSIRO COUNTY SOUTH
1,KIRA DIVISION,52,WAKISO,284,KIRA MUNICIPALITY
2,KIZIBA(MASULIITA),52,WAKISO,155,BUSIRO COUNTY NORTH
1,MASAJJA DIVISION,52,WAKISO,161,MUNICIPALITY
6,MASULIITA TOWN COUNCIL,52,WAKISO,155,BUSIRO COUNTY NORTH
4,MENDE,52,WAKISO,154,BUSIRO COUNTY EAST
3,NABWERU DIVISION,52,WAKISO,160,NANSANA MUNICIPALITY
3,NAMAYUMBA,52,WAKISO,155,BUSIRO COUNTY NORTH
5,NAMAYUMBA TOWN COUNCIL,52,WAKISO,155,BUSIRO COUNTY NORTH
3,NAMUGONGO DIVISION,52,WAKISO,284,KIRA MUNICIPALITY
2,NANGABO,52,WAKISO,159,KYADONDO COUNTY EAST
4,NANSANA DIVISION,52,WAKISO,160,NANSANA MUNICIPALITY
3,NDEJJE DIVISION,52,WAKISO,161,MUNICIPALITY
1,NSANGI,52,WAKISO,154,BUSIRO COUNTY EAST
3,SSISA,52,WAKISO,156,BUSIRO COUNTY SOUTH
2,WAKISO,52,WAKISO,154,BUSIRO COUNTY EAST
3,WAKISO TOWN COUNCIL,52,WAKISO,154,BUSIRO COUNTY EAST
8,APO,53,YUMBE,6,ARINGA COUNTY
11,ARIWA,53,YUMBE,242,ARINGA SOUTH COUNTY
1,DRAJINI/ARAJIM,53,YUMBE,242,ARINGA SOUTH COUNTY
2,KEI,53,YUMBE,241,ARINGA NORTH COUNTY
12,KERWA,53,YUMBE,241,ARINGA NORTH COUNTY
13,KOCHI,53,YUMBE,6,ARINGA COUNTY
9,KULULU,53,YUMBE,6,ARINGA COUNTY
3,KURU,53,YUMBE,6,ARINGA COUNTY
10,LODONGA,53,YUMBE,242,ARINGA SOUTH COUNTY
6,MIDIGO,53,YUMBE,241,ARINGA NORTH COUNTY
4,ODRAVU,53,YUMBE,242,ARINGA SOUTH COUNTY
5,ROMOGI,53,YUMBE,6,ARINGA COUNTY
7,YUMBE TOWN COUNCIL,53,YUMBE,6,ARINGA COUNTY
8,ABANGA,87,ZOMBO,182,OKORO COUNTY
1,ATYAK,87,ZOMBO,275,ORA COUNTY
2,JANGOKORO,87,ZOMBO,182,OKORO COUNTY
3,KANGO,87,ZOMBO,275,ORA COUNTY
4,NYAPEA,87,ZOMBO,182,OKORO COUNTY
7,PAIDHA,87,ZOMBO,182,OKORO COUNTY
5,PAIDHA TOWN COUNCIL,87,ZOMBO,182,OKORO COUNTY
9,WARR,87,ZOMBO,275,ORA COUNTY
6,ZEU,87,ZOMBO,275,ORA COUNTY
10,ZOMBO TOWN COUNCIL,87,ZOMBO,182,OKORO COUNTY
